0,97.7154,2.76566e-06,45.9198,-1.28015e-06,-2.90426e-07,1.91432e-12,0.229081,
330030,97.0258,-2.08943e-06,41.6972,-1.27945e-05,3.41358e-07,-1.86103e-12,0.341739,
659922,96.82,-6.23821e-07,46.4692,1.44654e-05,-2.72581e-07,1.41965e-12,0.251817,
1.00128e+06,96.6162,-5.97158e-07,49.8188,9.81225e-06,2.12033e-07,-5.2811e-13,0.324197,
1.33015e+06,96.5037,-3.42173e-07,49.4523,-1.11423e-06,3.83583e-08,-7.24524e-14,0.336811,
1.65978e+06,95.4923,-3.06807e-06,53.9043,1.35057e-05,1.44752e-08,-1.47799e-14,0.341583,
1.99974e+06,95.7108,6.42517e-07,58.8514,1.4552e-05,9.45067e-09,-8.98148e-13,0.344796,
2.32961e+06,96.4844,2.34534e-06,62.3964,1.07469e-05,-2.86815e-07,8.55207e-13,0.250186,
2.65971e+06,97.922,4.35506e-06,62.4852,2.68839e-07,-4.50886e-09,-2.63082e-14,0.248698,
3.00042e+06,98.4422,1.52679e-06,67.9894,1.61552e-05,-1.34724e-08,9.23781e-13,0.244107,
3.32944e+06,99.6556,3.68779e-06,67.0277,-2.92312e-06,2.90468e-07,-1.3152e-12,0.339677,
3.65939e+06,100.877,3.70165e-06,66.9651,-1.89635e-07,-1.43489e-07,9.2185e-13,0.292332,
3.99931e+06,103.411,7.45517e-06,65.7852,-3.47125e-06,1.69861e-07,9.2185e-13,0.35007,
4.32924e+06,104.893,4.49158e-06,67.1481,4.13106e-06,-1.43489e-07,1.50064e-13,0.340278,
4.65926e+06,106.827,5.85899e-06,68.6724,4.6188e-06,6.55556e-09,-4.01448e-13,0.342442,
5.00004e+06,108.62,5.2623e-06,68.8474,5.13304e-07,-1.30248e-07,4.6564e-13,0.298056,
5.32906e+06,115.133,1.97961e-05,60.8561,-2.42883e-05,2.29554e-08,-3.92397e-13,0.305609,
5.65903e+06,119.437,1.30439e-05,57.74,-9.44334e-06,-1.06526e-07,-3.61155e-13,0.270458,
5.99903e+06,122.208,8.15019e-06,56.8425,-2.63991e-06,-2.29316e-07,4.22155e-13,0.192492,
6.33171e+06,123.953,5.24531e-06,54.9605,-5.65695e-06,-8.88718e-08,-9.54897e-14,0.162926,
6.65887e+06,125.564,4.92411e-06,47.0676,-2.41255e-05,-1.20112e-07,-3.14668e-13,0.12363,
6.99971e+06,128.071,7.35468e-06,46.0759,-2.90946e-06,-2.27363e-07,6.6431e-14,0.0461359,
7.32881e+06,130.622,7.7504e-06,39.1107,-2.11646e-05,-2.05501e-07,9.9724e-14,-0.0214945,
7.65877e+06,139.081,2.56356e-05,34.5689,-1.37644e-05,-1.72595e-07,3.85102e-13,-0.0784449,
7.99913e+06,146.074,2.05468e-05,32.2601,-6.78333e-06,-4.15217e-08,-3.01867e-13,-0.0925772,
8.32937e+06,147.022,2.87164e-06,32.5059,7.44208e-07,-1.4121e-07,3.23587e-13,-0.13921,
8.65851e+06,147.604,1.76666e-06,33.0781,1.73869e-06,-3.47067e-08,-8.45493e-14,-0.150634,
8.99942e+06,148.801,3.51301e-06,31.4368,-4.81455e-06,-6.3531e-08,3.3684e-14,-0.172292,
9.32847e+06,149.681,2.67336e-06,28.1271,-1.00584e-05,-5.24474e-08,-3.46896e-14,-0.18955,
9.65832e+06,149.526,-4.70341e-07,21.8905,-1.89074e-05,-6.38897e-08,-6.80401e-14,-0.210624,
9.99827e+06,148.862,-1.95269e-06,20.2581,-4.80199e-06,-8.70202e-08,1.39194e-13,-0.240207,
1.03283e+07,148.515,-1.0512e-06,20.4567,6.01837e-07,-4.10867e-08,-2.84454e-14,-0.253765,
1.06581e+07,147.815,-2.1222e-06,24.0911,1.10175e-05,-5.04702e-08,1.17982e-14,-0.270414,
1.09991e+07,147.21,-1.77365e-06,28.0657,1.16588e-05,-4.64481e-08,3.94091e-14,-0.286249,
1.1328e+07,147.205,-1.74812e-08,32.6269,1.38644e-05,-3.34831e-08,2.06363e-14,-0.297264,
1.16579e+07,148.234,3.12124e-06,31.1043,-4.61522e-06,-2.6675e-08,-7.20093e-15,-0.306065,
1.19979e+07,150.463,6.55692e-06,28.2265,-8.46528e-06,-2.91229e-08,2.02818e-15,-0.315965,
1.23278e+07,151.932,4.44993e-06,26.914,-3.97797e-06,-2.84537e-08,8.0867e-16,-0.325353,
1.26578e+07,154.168,6.77848e-06,25.8189,-3.31886e-06,-2.81869e-08,1.57772e-13,-0.334654,
1.29987e+07,162.095,2.32565e-05,17.8853,-2.32755e-05,2.55901e-08,-4.86781e-13,-0.325931,
1.33277e+07,163.671,4.78775e-06,20.6494,8.39949e-06,-1.34598e-07,3.01172e-13,-0.370224,
1.36576e+07,164.29,1.87701e-06,19.5127,-3.44596e-06,-3.52479e-08,5.72937e-14,-0.381852,
1.39975e+07,164.88,1.73469e-06,18.6911,-2.41686e-06,-1.57724e-08,5.69622e-14,-0.387213,
1.43275e+07,165.569,2.0898e-06,18.0746,-1.86853e-06,3.02209e-09,7.10479e-14,-0.386216,
1.46575e+07,164.926,-1.94999e-06,20.6589,7.83199e-06,2.64655e-08,-6.46548e-13,-0.377483,
1.49983e+07,165.698,2.26644e-06,20.5241,-3.95623e-07,-1.93897e-07,5.72067e-13,-0.443569,
1.53275e+07,163.574,-6.45159e-06,31.0694,3.20343e-05,-5.57889e-09,-6.09577e-13,-0.445406,
1.56574e+07,165.132,4.71969e-06,16.985,-4.26931e-05,-2.06676e-07,7.19467e-13,-0.513588,
1.59972e+07,165.022,-3.22276e-07,31.1707,4.17395e-05,3.78423e-08,-6.62741e-13,-0.500726,
1.63272e+07,167.369,7.11262e-06,17.3088,-4.201e-05,-1.8084e-07,5.54426e-13,-0.560397,
1.66572e+07,164.837,-7.67329e-06,36.4158,5.79061e-05,2.10191e-09,-6.56808e-14,-0.559704,
1.6998e+07,163.739,-3.22301e-06,38.5957,6.39601e-06,-2.02827e-08,-1.92735e-13,-0.566616,
1.7327e+07,161.209,-7.68658e-06,41.4029,8.53218e-06,-8.36967e-08,-4.48627e-13,-0.594154,
1.7657e+07,164.22,9.12371e-06,35.9563,-1.6506e-05,-2.31735e-07,5.25925e-13,-0.670623,
1.7997e+07,163.664,-1.63487e-06,39.3891,8.53218e-06,-5.29296e-08,-5.08908e-14,-0.688618,
1.83269e+07,162.884,-2.36605e-06,37.7619,-1.6506e-05,-6.97184e-08,1.45825e-13,-0.711618,
1.86567e+07,161.339,-4.68371e-06,38.6312,2.63517e-06,-2.16146e-08,-2.94894e-13,-0.718748,
1.89977e+07,159.449,-5.54149e-06,40.611,5.80738e-06,-1.22152e-07,2.67449e-13,-0.760393,
1.93267e+07,159.058,-1.19128e-06,34.2927,2.63517e-06,-3.41553e-08,2.85728e-13,-0.77163,
1.96566e+07,154.588,-1.35466e-05,46.4688,3.69028e-05,6.01209e-08,-1.94048e-13,-0.751794,
1.99965e+07,154.147,-1.29665e-06,47.4022,2.74617e-06,-5.83533e-09,-1.29314e-13,-0.753777,
2.03265e+07,153.948,-6.0282e-07,48.0665,2.01318e-06,-4.85014e-08,1.64968e-13,-0.76978,
2.06565e+07,154.222,8.29968e-07,47.8925,-5.27325e-07,5.93545e-09,-1.75351e-14,-0.767821,
2.09973e+07,153.751,-1.38069e-06,46.9044,-2.89871e-06,-4.16176e-11,6.57902e-15,-0.767835,
2.13263e+07,151.632,-6.44185e-06,49.4833,7.83996e-06,2.12254e-09,-4.83466e-13,-0.767137,
2.16562e+07,151.26,-1.12946e-06,49.8094,9.88161e-07,-1.57393e-07,4.3784e-13,-0.819068,
2.19962e+07,150.261,-2.93686e-06,50.6112,2.35874e-06,-8.54794e-09,2.69327e-14,-0.821973,
2.23261e+07,150.573,9.45633e-07,49.9774,-1.92096e-06,3.39055e-10,9.6744e-16,-0.821862,
2.26561e+07,149.095,-4.47992e-06,50.3931,1.25989e-06,6.58268e-10,7.25552e-15,-0.821644,
2.29969e+07,149.136,1.20322e-07,49.8642,-1.55185e-06,3.13112e-09,-4.49149e-14,-0.820577,
2.33259e+07,149.107,-8.84334e-08,49.481,1.25989e-06,-1.16469e-08,8.40493e-14,-0.824409,
2.36559e+07,149.046,-1.85988e-07,49.3128,-1.55185e-06,1.60831e-08,-4.70772e-14,-0.819103,
2.39958e+07,148.988,-1.69381e-07,49.1236,1.25989e-06,7.99556e-11,4.148e-15,-0.819076,
2.43258e+07,148.818,-5.14756e-07,49.1078,-1.55185e-06,1.44878e-09,1.11984e-14,-0.818598,
2.46557e+07,148.795,-7.15955e-08,49.4276,1.25989e-06,5.14304e-09,5.77235e-14,-0.816901,
2.49966e+07,148.752,-1.24667e-07,49.3362,-1.55185e-06,2.48203e-08,-3.1212e-13,-0.80844,
2.53256e+07,148.736,-5.05699e-08,49.3302,1.25989e-06,-7.78724e-08,2.33765e-13,-0.834062,
2.56556e+07,148.703,-9.71957e-08,49.2942,-1.55185e-06,-7.29886e-10,1.6723e-15,-0.834302,
2.59955e+07,148.638,-1.92524e-07,49.2399,1.25989e-06,-1.6152e-10,2.36327e-13,-0.834357,
2.63254e+07,148.584,-1.65257e-07,49.171,-1.55185e-06,7.78228e-08,-2.15489e-13,-0.808677,
2.66556e+07,148.22,-1.10048e-06,49.6955,1.25989e-06,6.68698e-09,-5.55942e-14,-0.80647,
2.69962e+07,148.145,-2.21973e-07,49.9033,-1.55185e-06,-1.225e-08,4.52527e-13,-0.810642,
2.73256e+07,147.672,-1.43474e-06,50.8185,1.25989e-06,1.3681e-07,-3.61145e-13,-0.765578,
2.76553e+07,148.811,3.45429e-06,49.4673,-4.09779e-06,1.77272e-08,-2.41099e-14,-0.759733,
2.79951e+07,150.262,4.2706e-06,48.3519,-3.28226e-06,9.53406e-09,-2.21357e-14,-0.756493,
2.83251e+07,151.126,2.61764e-06,47.73,-1.88497e-06,2.23023e-09,7.79231e-15,-0.755757,
2.8655e+07,152.308,3.58193e-06,47.478,-7.63706e-07,4.80097e-09,4.54949e-13,-0.754173,
2.89958e+07,153.52,3.55681e-06,47.2705,-6.08866e-07,1.59868e-07,-1.00399e-12,-0.699683,
2.9325e+07,154.26,2.24725e-06,45.9901,-3.89011e-06,-1.7057e-07,5.31897e-13,-0.755822,
2.96548e+07,157.744,1.05635e-05,42.0481,-1.19506e-05,4.88256e-09,5.04594e-14,-0.754211,
2.99948e+07,157.773,8.50225e-08,35.8772,-1.81511e-05,2.20374e-08,2.26718e-13,-0.746719,
3.03248e+07,156.093,-5.0909e-06,43.1825,2.21387e-05,9.68501e-08,5.32361e-13,-0.714761,
3.06547e+07,164.522,2.55495e-05,19.9243,-7.05037e-05,2.72469e-07,-9.75123e-13,-0.624877,
3.09955e+07,166.539,5.91877e-06,18.7514,-3.44094e-06,-5.99094e-08,2.67554e-13,-0.645297,
3.13246e+07,167.42,2.67675e-06,24.1982,1.65543e-05,2.81234e-08,4.60857e-13,-0.636044,
3.16546e+07,167.906,1.47354e-06,23.0427,-3.50148e-06,1.8021e-07,-9.47671e-13,-0.576573,
3.19944e+07,167.327,-1.70292e-06,23.5997,1.63902e-06,-1.41862e-07,1.11102e-12,-0.624786,
3.23244e+07,167.243,-2.54735e-07,22.1834,-4.29237e-06,2.2473e-07,-6.86287e-13,-0.550634,
3.26543e+07,165.069,-6.59016e-06,24.9868,8.49728e-06,-1.68401e-09,-1.6113e-15,-0.551189,
3.29952e+07,163.698,-4.0218e-06,26.2985,3.84739e-06,-2.23337e-09,3.57977e-13,-0.551951,
3.33242e+07,162.256,-4.38339e-06,28.486,6.65017e-06,1.15516e-07,1.07321e-13,-0.513954,
3.36541e+07,161.858,-1.20722e-06,28.5503,1.95108e-07,1.50926e-07,-3.00753e-13,-0.464156,
3.39941e+07,160.432,-4.19527e-06,30.2627,5.03677e-06,4.86809e-08,-2.62275e-13,-0.447606,
3.43241e+07,158.432,-6.05992e-06,33.2784,9.13791e-06,-3.78775e-08,1.3255e-13,-0.460107,
3.4654e+07,158.096,-1.01834e-06,33.275,-1.05085e-08,5.84529e-09,8.10472e-14,-0.458179,
3.49948e+07,156.915,-3.46314e-06,34.3234,3.07586e-06,3.34717e-08,3.88452e-13,-0.446769,
3.53239e+07,151.225,-1.72931e-05,39.329,1.52124e-05,1.6129e-07,-3.5682e-13,-0.393697,
3.56538e+07,160.019,2.66583e-05,32.6904,-2.01251e-05,4.35866e-08,2.34216e-13,-0.37932,
3.59937e+07,150.363,-2.84009e-05,40.0352,2.16041e-05,1.23214e-07,-2.85494e-13,-0.33743,
3.63236e+07,161.958,3.51443e-05,30.3964,-2.92159e-05,2.90248e-08,-6.42204e-14,-0.327854,
3.66536e+07,162.814,2.59399e-06,29.0866,-3.96992e-06,7.83589e-09,5.44865e-14,-0.325269,
3.69945e+07,162.453,-1.05671e-06,28.7671,-9.37313e-07,2.64092e-08,-3.478e-14,-0.316267,
3.73236e+07,165.921,1.05372e-05,20.2604,-2.58479e-05,1.49629e-08,1.57534e-13,-0.311342,
3.76534e+07,165.177,-2.25617e-06,21.0235,2.31348e-06,6.69268e-08,-8.88248e-14,-0.289266,
3.79934e+07,164.13,-3.0803e-06,24.9535,1.15614e-05,3.67331e-08,1.01973e-13,-0.276779,
3.83234e+07,163.084,-3.17033e-06,25.129,5.31669e-07,7.03868e-08,-1.7769e-13,-0.25355,
3.86532e+07,159.347,-1.13295e-05,26.5051,4.17186e-06,1.17733e-08,-2.73993e-14,-0.249666,
3.89942e+07,158.201,-3.36127e-06,27.4189,2.68004e-06,2.43163e-09,-5.98753e-14,-0.248837,
3.93232e+07,135.988,-6.7513e-05,36.441,2.74222e-05,-1.72678e-08,-7.34299e-14,-0.254519,
3.96531e+07,130.177,-1.76129e-05,23.8119,-3.8279e-05,-4.14939e-08,1.69127e-13,-0.268208,
3.99931e+07,126.97,-9.43395e-06,26.561,8.08669e-06,1.60008e-08,-2.40346e-14,-0.262769,
4.03231e+07,126.225,-2.25898e-06,25.698,-2.61517e-06,8.06973e-09,-3.4341e-14,-0.260106,
4.06529e+07,125.199,-3.11094e-06,25.538,-4.85051e-07,-3.25776e-09,-2.31678e-15,-0.26118,
4.09938e+07,124.788,-1.20473e-06,25.9638,1.24897e-06,-4.04751e-09,2.9361e-14,-0.26256,
4.13228e+07,124.903,3.49604e-07,25.1043,-2.61235e-06,5.61231e-09,-4.48971e-14,-0.260714,
4.16527e+07,124.567,-1.01927e-06,24.4902,-1.86123e-06,-9.20136e-09,-1.72925e-14,-0.26375,
4.19928e+07,124.19,-1.10875e-06,22.7715,-5.05474e-06,-1.50812e-08,5.93954e-15,-0.268878,
4.23226e+07,122.829,-4.12522e-06,21.8542,-2.78087e-06,-1.3122e-08,1.55043e-14,-0.273206,
4.26526e+07,121.256,-4.76555e-06,27.146,1.60341e-05,-8.00517e-09,-2.22564e-15,-0.275848,
4.29934e+07,121.305,1.4326e-07,29.4443,6.74401e-06,-8.76366e-09,-4.54871e-15,-0.278834,
4.33225e+07,119.981,-4.02404e-06,33.8214,1.33033e-05,-1.02603e-08,1.95299e-14,-0.28221,
4.36525e+07,123.302,1.00615e-05,33.812,-2.84786e-08,-3.81517e-09,-1.29257e-14,-0.283469,
4.39923e+07,125.413,6.21421e-06,28.1224,-1.67417e-05,-8.20792e-09,1.711e-14,-0.286259,
4.43222e+07,126.065,1.97482e-06,22.0921,-1.82785e-05,-2.56314e-09,8.51844e-15,-0.287104,
4.46523e+07,127.494,4.3286e-06,19.9961,-6.35054e-06,2.4832e-10,4.93128e-15,-0.287023,
4.4993e+07,126.461,-3.03124e-06,19.8983,-2.87202e-07,1.92875e-09,1.40681e-14,-0.286365,
4.53221e+07,124.831,-4.953e-06,21.402,4.56923e-06,6.55857e-09,-2.25468e-14,-0.284207,
4.5652e+07,123.891,-2.84655e-06,22.6459,3.77056e-06,-8.79533e-10,1.75256e-14,-0.284497,
4.59921e+07,123.372,-1.52868e-06,24.4107,5.19027e-06,5.07946e-09,-1.44964e-14,-0.28277,
4.63221e+07,122.734,-1.93256e-06,26.6986,6.93196e-06,2.9481e-10,5.53803e-15,-0.282673,
4.66521e+07,120.679,-6.22743e-06,31.553,1.47128e-05,2.12203e-09,-1.31963e-15,-0.281972,
4.69927e+07,120.162,-1.51696e-06,33.768,6.50249e-06,1.67251e-09,-6.24779e-15,-0.281403,
4.73218e+07,119.652,-1.55154e-06,37.3247,1.08089e-05,-3.833e-10,-2.27418e-15,-0.281529,
4.76517e+07,119.268,-1.1626e-06,40.5734,9.84478e-06,-1.13377e-09,-1.41898e-15,-0.281903,
4.79916e+07,119.432,4.8325e-07,42.2596,4.96116e-06,-1.61607e-09,-1.08334e-14,-0.282452,
4.83216e+07,120.197,2.31693e-06,43.6131,4.10219e-06,-5.19052e-09,6.13341e-16,-0.284165,
4.86516e+07,120.638,1.33544e-06,43.6763,1.91391e-07,-4.98813e-09,1.1873e-14,-0.285811,
4.89924e+07,122.087,4.25267e-06,43.3017,-1.09924e-06,-9.41701e-10,-2.40532e-14,-0.286132,
4.93215e+07,122.859,2.34712e-06,43.4563,4.69836e-07,-8.85738e-09,6.09861e-15,-0.289047,
4.96519e+07,123.576,2.17013e-06,43.7175,7.90492e-07,-6.84242e-09,1.68955e-14,-0.291307,
4.99913e+07,128.154,1.34853e-05,41.6585,-6.06511e-06,-1.10675e-09,-1.19105e-14,-0.291683,
5.03212e+07,130.639,7.5335e-06,41.3317,-9.907e-07,-5.03551e-09,-7.20177e-16,-0.293344,
5.06511e+07,133.742,9.40504e-06,42.2477,2.77643e-06,-5.27312e-09,-1.48018e-14,-0.295084,
5.0992e+07,138.004,1.25006e-05,40.0805,-6.3574e-06,-1.0319e-08,-4.1429e-15,-0.298602,
5.13211e+07,139.542,4.67514e-06,46.4746,1.94303e-05,-1.16824e-08,1.26549e-14,-0.302446,
5.1651e+07,142.379,8.59941e-06,47.6448,3.54745e-06,-7.50809e-09,-1.37266e-13,-0.304923,
5.1991e+07,145.157,8.1697e-06,44.193,-1.01512e-05,-5.41828e-08,1.38511e-13,-0.323346,
5.23209e+07,147.964,8.50822e-06,39.7133,-1.35788e-05,-8.48693e-09,-2.07204e-13,-0.326146,
5.26508e+07,148.564,1.82075e-06,42.2514,7.6932e-06,-7.68461e-08,1.80774e-13,-0.351499,
5.29916e+07,149.536,2.85104e-06,42.2586,2.10917e-08,-1.52322e-08,-2.97394e-13,-0.35669,
5.33207e+07,151.827,6.9611e-06,34.6175,-2.32215e-05,-1.1309e-07,2.35537e-13,-0.393903,
5.36507e+07,149.448,-7.20986e-06,45.1015,3.17728e-05,-3.53709e-08,-4.46222e-14,-0.405574,
5.39906e+07,149.932,1.42449e-06,43.1219,-5.82315e-06,-5.05399e-08,-8.57521e-14,-0.422755,
5.43205e+07,156.063,1.85857e-05,27.0738,-4.86443e-05,-7.88301e-08,3.82314e-13,-0.448761,
5.46505e+07,153.342,-8.24759e-06,36.3614,2.81415e-05,4.73448e-08,-2.95618e-13,-0.433136,
5.49913e+07,151.313,-5.95405e-06,37.739,4.04271e-06,-5.33929e-08,-2.50217e-13,-0.451331,
5.53204e+07,154.789,1.05645e-05,28.0013,-2.95947e-05,-1.35724e-07,3.25722e-13,-0.495989,
5.56503e+07,156.038,3.7853e-06,28.8563,2.59135e-06,-2.82498e-08,-1.7736e-14,-0.50531,
5.59903e+07,155.819,-6.43831e-07,32.498,1.07125e-05,-3.4279e-08,-2.89856e-14,-0.516963,
5.63202e+07,156.299,1.45467e-06,32.5181,6.10424e-08,-4.38434e-08,2.32039e-13,-0.53143,
5.66501e+07,156.433,4.06627e-07,32.7561,7.21379e-07,3.27055e-08,-3.99849e-13,-0.520641,
5.6991e+07,156.754,9.43104e-07,32.3194,-1.28116e-06,-1.03583e-07,-1.1348e-13,-0.555947,
5.73201e+07,157.722,2.94135e-06,30.682,-4.97508e-06,-1.4093e-07,3.72858e-13,-0.602328,
5.765e+07,157.784,1.87296e-07,31.0814,1.21058e-06,-1.79307e-08,5.39044e-14,-0.608243,
5.799e+07,159.223,4.23264e-06,28.6364,-7.19092e-06,3.97409e-10,-1.3198e-15,-0.608108,
5.83198e+07,159.524,9.09993e-07,27.7326,-2.74005e-06,-3.7946e-11,4.25115e-15,-0.608121,
5.86498e+07,159.398,-3.79334e-07,28.8532,3.39664e-06,1.36467e-09,-3.37221e-15,-0.60767,
5.89906e+07,159.106,-8.57353e-07,30.0348,3.46649e-06,2.1527e-10,-1.23007e-16,-0.607597,
5.93197e+07,158.867,-7.2734e-07,30.81,2.35599e-06,1.74793e-10,-4.38572e-15,-0.60754,
5.96496e+07,158.723,-4.36892e-07,31.8147,3.04508e-06,-1.27219e-09,4.5846e-15,-0.607959,
5.99895e+07,158.731,2.37533e-08,31.9317,3.44231e-07,2.86027e-10,1.42741e-13,-0.607862,
6.03195e+07,158.749,5.46879e-08,31.4887,-1.34244e-06,4.73862e-08,-2.19603e-13,-0.592226,
6.06494e+07,158.817,2.06822e-07,31.3536,-4.09473e-07,-2.50786e-08,3.15219e-14,-0.600501,
6.09903e+07,159.159,1.0031e-06,29.2945,-6.0415e-06,-1.43348e-08,3.30174e-14,-0.605387,
6.13193e+07,158.378,-2.37387e-06,31.8861,7.8771e-06,-3.47185e-09,-1.28968e-14,-0.60653,
6.16493e+07,158.279,-2.99046e-07,32.1169,6.99575e-07,-7.72768e-09,1.18265e-14,-0.60908,
6.19892e+07,157.82,-1.35106e-06,33.0334,2.69582e-06,-3.70717e-09,4.85159e-13,-0.61034,
6.23191e+07,157.66,-4.86041e-07,32.93,-3.13512e-07,1.56334e-07,1.42352e-14,-0.55877,
6.26491e+07,156.992,-2.02264e-06,33.3876,1.38692e-06,1.61031e-07,-2.7336e-13,-0.505636,
6.29899e+07,156.472,-1.52556e-06,33.7783,1.14623e-06,6.78495e-08,-1.49131e-13,-0.482508,
6.3319e+07,155.839,-1.92316e-06,33.9552,5.37639e-07,1.8782e-08,-3.71979e-14,-0.476328,
6.36489e+07,153.632,-6.69008e-06,36.5799,7.95611e-06,6.51067e-09,2.14414e-14,-0.47418,
6.39889e+07,153.092,-1.58957e-06,36.4809,-2.91226e-07,1.38015e-08,3.80496e-13,-0.469487,
6.43188e+07,152.332,-2.3029e-06,36.9481,1.41599e-06,1.39345e-07,-2.01281e-13,-0.423511,
6.46487e+07,152.495,4.95364e-07,36.9056,-1.28831e-07,7.29425e-08,-1.22493e-13,-0.399447,
6.49895e+07,153.038,1.5909e-06,36.0877,-2.39967e-06,3.11959e-08,1.28524e-13,-0.388816,
6.53186e+07,152.513,-1.59349e-06,36.067,-6.29048e-08,7.34869e-08,-9.90987e-14,-0.364635,
6.56485e+07,152.937,1.28438e-06,35.0665,-3.03244e-06,4.07901e-08,-1.09845e-14,-0.351176,
6.59885e+07,153.006,2.03809e-07,34.5498,-1.52e-06,3.70559e-08,6.49218e-15,-0.338579,
6.63184e+07,153.054,1.44867e-07,33.8575,-2.09811e-06,3.91979e-08,7.71484e-14,-0.325646,
6.66484e+07,144.742,-2.5193e-05,30.59,-9.90373e-06,6.46516e-08,-9.03117e-14,-0.304315,
6.69892e+07,137.164,-2.22327e-05,53.4433,6.70462e-05,3.3868e-08,-1.6534e-14,-0.292771,
6.73183e+07,134.373,-8.48206e-06,54.6999,3.81896e-06,2.84278e-08,5.40901e-14,-0.283418,
6.76482e+07,131.008,-1.01993e-05,55.5141,2.46768e-06,4.62755e-08,-8.61324e-14,-0.268148,
6.79881e+07,125.849,-1.5178e-05,54.7074,-2.37341e-06,1.69995e-08,-1.30159e-14,-0.26237,
6.83181e+07,122.783,-9.29043e-06,52.0095,-8.17621e-06,1.27047e-08,1.64702e-13,-0.258178,
6.8648e+07,110.897,-3.60306e-05,57.0309,1.5221e-05,6.70401e-08,-2.07379e-13,-0.236062,
6.89889e+07,110.417,-1.40642e-06,53.9063,-9.16657e-06,-3.65065e-09,4.18382e-14,-0.237306,
6.93179e+07,109.322,-3.32948e-06,49.4524,-1.3536e-05,1.01157e-08,-1.79947e-14,-0.233978,
6.96479e+07,108.392,-2.81783e-06,45.838,-1.09538e-05,4.17804e-09,-2.90064e-14,-0.232599,
6.99878e+07,106.471,-5.64953e-06,44.0643,-5.2174e-06,-5.68277e-09,3.16866e-14,-0.234531,
7.03178e+07,104.526,-5.8961e-06,40.492,-1.08271e-05,4.77212e-09,-1.82331e-14,-0.232956,
7.06477e+07,103.432,-3.31713e-06,37.2924,-9.69682e-06,-1.24408e-09,-4.8699e-14,-0.233367,
7.09885e+07,102.561,-2.55537e-06,35.7402,-4.55523e-06,-1.78388e-08,-7.83984e-14,-0.239446,
7.13176e+07,102.407,-4.68732e-07,32.6235,-9.47075e-06,-4.36386e-08,1.0389e-13,-0.253806,
7.16475e+07,102.43,7.16396e-08,30.6491,-5.9835e-06,-9.35746e-09,2.37154e-14,-0.256894,
7.19874e+07,101.9,-1.55865e-06,30.4406,-6.13467e-07,-1.29682e-09,1.63679e-15,-0.257335,
7.23173e+07,101.456,-1.34831e-06,30.5138,2.21906e-07,-7.5682e-10,-2.13601e-15,-0.257585,
7.26479e+07,101.002,-1.37304e-06,31.0616,1.65728e-06,-1.46295e-09,-1.8572e-14,-0.258068,
7.29882e+07,100.785,-6.3791e-07,32.1919,3.32166e-06,-7.78231e-09,-1.53461e-14,-0.260716,
7.33172e+07,101.676,2.70831e-06,31.8275,-1.10737e-06,-1.28316e-08,1.34833e-13,-0.264938,
7.36472e+07,101.991,9.54929e-07,31.7291,-2.98257e-07,3.16639e-08,-1.23411e-13,-0.254489,
7.39876e+07,102.779,2.31627e-06,31.5991,-3.81934e-07,-1.03415e-08,1.23444e-14,-0.258009,
7.43178e+07,103.578,2.42043e-06,32.5031,2.73783e-06,-6.26561e-09,6.8097e-15,-0.260078,
7.4647e+07,104.298,2.18571e-06,32.2508,-7.66413e-07,-4.02397e-09,-4.62928e-15,-0.261402,
7.49878e+07,105.366,3.1323e-06,32.6114,1.0578e-06,-5.60195e-09,-2.03516e-15,-0.263312,
7.53168e+07,107.792,7.37467e-06,33.1337,1.58776e-06,-6.27149e-09,-1.70057e-14,-0.265375,
7.56468e+07,110.549,8.35812e-06,34.4501,3.9897e-06,-1.18824e-08,-8.02811e-15,-0.269296,
7.59868e+07,112.371,5.35625e-06,35.188,2.17019e-06,-1.46122e-08,-1.48827e-14,-0.274264,
7.63167e+07,115.795,1.03789e-05,35.6386,1.36571e-06,-1.95224e-08,-1.36252e-14,-0.280705,
7.66466e+07,119.086,9.97565e-06,36.2897,1.97377e-06,-2.40171e-08,3.55364e-14,-0.288628,
7.69875e+07,120.967,5.51929e-06,39.2982,8.8257e-06,-1.19037e-08,-2.77605e-15,-0.292686,
7.73165e+07,124.701,1.13468e-05,39.6247,9.92326e-07,-1.28172e-08,-7.97254e-15,-0.296903,
7.76465e+07,128.855,1.25919e-05,37.508,-6.41558e-06,-1.54476e-08,6.43414e-15,-0.302,
7.79864e+07,132.814,1.16441e-05,37.143,-1.07375e-06,-1.32602e-08,-6.96331e-14,-0.306508,
7.83163e+07,136.006,9.67446e-06,41.4283,1.29897e-05,-3.62323e-08,7.50344e-14,-0.318461,
7.86463e+07,138.259,6.82754e-06,45.7474,1.30879e-05,-1.14702e-08,-3.78341e-14,-0.322246,
7.89871e+07,141.012,8.07929e-06,42.8483,-8.50759e-06,-2.43628e-08,4.26862e-14,-0.330548,
7.93161e+07,146.549,1.68275e-05,29.4566,-4.06999e-05,-1.03174e-08,-2.96036e-14,-0.333943,
7.96461e+07,148.231,5.10001e-06,29.3953,-1.85812e-07,-2.0085e-08,-4.09295e-14,-0.34057,
7.9986e+07,149.378,3.37366e-06,31.189,5.27646e-06,-3.39989e-08,2.58214e-15,-0.352128,
8.0316e+07,150.566,3.59871e-06,31.1802,-2.6662e-08,-3.3147e-08,-1.71526e-13,-0.363065,
8.0646e+07,151.297,2.21484e-06,30.999,-5.49054e-07,-8.97506e-08,1.35877e-13,-0.392683,
8.09869e+07,151.975,1.98947e-06,30.6081,-1.14669e-06,-4.34337e-08,1.33762e-13,-0.407488,
8.13158e+07,153.251,3.87928e-06,28.7557,-5.6319e-06,5.61959e-10,1.44656e-13,-0.407303,
8.16457e+07,153.313,1.89819e-07,34.8512,1.84733e-05,4.82927e-08,-2.39023e-13,-0.391368,
8.1986e+07,151.113,-6.46866e-06,36.6252,5.21414e-06,-3.30271e-08,2.92027e-15,-0.402605,
8.23157e+07,152.271,3.5136e-06,29.4108,-2.18775e-05,-3.20641e-08,-4.61754e-13,-0.413178,
8.26456e+07,154.258,6.02157e-06,26.5808,-8.57908e-06,-1.84387e-07,5.55083e-13,-0.474003,
8.29873e+07,155.035,2.27484e-06,32.1519,1.63057e-05,5.26579e-09,-1.38363e-13,-0.472204,
8.33155e+07,155.011,-7.39589e-08,32.3173,5.04165e-07,-4.01473e-08,5.76049e-14,-0.485381,
8.36454e+07,155.405,1.19476e-06,32.1666,-4.56997e-07,-2.11405e-08,-1.07998e-13,-0.492356,
8.39854e+07,155.823,1.22843e-06,31.5953,-1.68005e-06,-5.78622e-08,1.12425e-13,-0.512031,
8.43153e+07,156.533,2.15393e-06,30.9098,-2.07858e-06,-2.07822e-08,3.92761e-14,-0.518885,
8.46452e+07,156.595,1.89284e-07,31.1237,6.48458e-07,-7.8228e-09,2.0787e-15,-0.521466,
8.49862e+07,156.804,6.12504e-07,30.6823,-1.29458e-06,-7.11404e-09,3.83803e-13,-0.523892,
8.53151e+07,156.645,-4.83842e-07,30.8753,5.86551e-07,1.19136e-07,-4.07589e-13,-0.484703,
8.56451e+07,156.612,-9.90983e-08,31.1268,7.62269e-07,-1.53708e-08,3.60396e-14,-0.489776,
8.5985e+07,156.712,2.93778e-07,30.8588,-7.88466e-07,-3.12237e-09,3.85987e-15,-0.490837,
8.63149e+07,157.07,1.08371e-06,29.3583,-4.5481e-06,-1.84893e-09,-5.85512e-17,-0.491447,
8.66449e+07,157.002,-2.05798e-07,29.0085,-1.06007e-06,-1.86826e-09,-7.4552e-15,-0.492063,
8.69857e+07,156.054,-2.78098e-06,32.3305,9.74893e-06,-4.40869e-09,1.2843e-14,-0.493566,
8.7317e+07,156.543,1.47657e-06,29.8775,-7.40306e-06,-1.53172e-10,3.95143e-15,-0.493616,
8.76448e+07,156.519,-7.53648e-08,29.753,-3.79951e-07,1.14176e-09,1.76458e-14,-0.493242,
8.79852e+07,155.659,-2.52481e-06,31.2546,4.41105e-06,7.14845e-09,2.36637e-14,-0.490809,
8.83146e+07,155.474,-5.62193e-07,31.4053,4.57642e-07,1.4943e-08,5.08096e-14,-0.485887,
8.86446e+07,153.52,-5.92199e-06,35.1359,1.13035e-05,3.17119e-08,-8.52075e-14,-0.475421,
8.89854e+07,153.221,-8.76692e-07,35.1815,1.33901e-07,2.67157e-09,1.29984e-15,-0.47451,
8.93145e+07,153.574,1.07412e-06,34.5765,-1.83837e-06,3.09931e-09,6.22653e-14,-0.47349,
8.96443e+07,152.879,-2.10657e-06,35.4521,2.65426e-06,2.36386e-08,2.55814e-14,-0.465693,
8.99844e+07,151.252,-4.78493e-06,37.3991,5.72611e-06,3.2337e-08,4.28291e-13,-0.454697,
9.03143e+07,151.287,1.03772e-07,37.3776,-6.53645e-08,1.73625e-07,-3.44973e-13,-0.397421,
9.06442e+07,150.998,-8.76038e-07,37.8642,1.47509e-06,5.98205e-08,-3.46092e-14,-0.377686,
9.0985e+07,151.358,1.05754e-06,37.1209,-2.18049e-06,4.80228e-08,-4.22699e-14,-0.361316,
9.13141e+07,151.05,-9.35224e-07,36.6308,-1.48931e-06,3.41136e-08,1.53761e-13,-0.350091,
9.16445e+07,152.048,3.01952e-06,35.039,-4.81843e-06,8.49111e-08,-2.31294e-13,-0.322039,
9.19839e+07,152.533,1.4294e-06,33.7873,-3.68712e-06,6.39276e-09,1.05216e-13,-0.319869,
9.2314e+07,152.441,-2.79955e-07,25.646,-2.46668e-05,4.11193e-08,-1.05852e-15,-0.306298,
9.26439e+07,150.423,-6.11731e-06,25.7802,4.068e-07,4.07701e-08,7.11734e-14,-0.292848,
9.29847e+07,148.704,-5.04419e-06,25.1389,-1.88183e-06,6.5027e-08,-1.47495e-13,-0.270686,
9.33137e+07,127.829,-6.34432e-05,32.61,2.27063e-05,1.64962e-08,1.30105e-13,-0.265259,
9.36436e+07,121.88,-1.80308e-05,49.1095,5.00099e-05,5.94213e-08,-1.70431e-13,-0.245654,
9.39836e+07,117.219,-1.37103e-05,51.5624,7.2154e-06,1.48431e-09,7.45211e-14,-0.245149,
9.43136e+07,113.888,-1.00911e-05,51.4032,-4.82286e-07,2.60814e-08,-5.29064e-14,-0.236541,
9.46436e+07,109.569,-1.30932e-05,49.1661,-6.78088e-06,8.62696e-09,-1.02426e-14,-0.233694,
9.49843e+07,106.087,-1.02174e-05,48.8082,-1.05043e-06,5.13679e-09,4.96338e-15,-0.231944,
9.53134e+07,103.314,-8.42747e-06,46.8601,-5.92007e-06,6.77006e-09,-1.21167e-14,-0.229716,
9.56433e+07,100.098,-9.74779e-06,44.026,-8.5905e-06,2.77267e-09,-2.26529e-14,-0.228802,
9.59832e+07,98.0381,-6.05992e-06,41.9426,-6.12847e-06,-4.92826e-09,1.55846e-14,-0.230477,
9.63132e+07,97.1262,-2.76372e-06,39.5034,-7.3921e-06,2.14277e-10,-1.92297e-14,-0.230406,
9.66432e+07,96.2755,-2.57801e-06,37.7088,-5.43839e-06,-6.13114e-09,-1.8382e-14,-0.232429,
9.69841e+07,95.365,-2.67075e-06,36.617,-3.20296e-06,-1.23974e-08,-7.38165e-14,-0.236656,
9.7313e+07,95.7998,1.32177e-06,34.2921,-7.06785e-06,-3.66782e-08,9.83638e-14,-0.24872,
9.76429e+07,95.9653,5.01718e-07,33.5122,-2.36381e-06,-4.22683e-09,2.50367e-15,-0.250115,
9.79829e+07,96.1686,5.9797e-07,33.5527,1.19106e-07,-3.37564e-09,-1.40139e-14,-0.251262,
9.83128e+07,96.481,9.46778e-07,33.2777,-8.33803e-07,-7.99906e-09,1.42235e-14,-0.253902,
9.86427e+07,96.4779,-9.48157e-09,35.3133,6.17011e-06,-3.30635e-09,-2.69719e-14,-0.254992,
9.89837e+07,96.522,1.29467e-07,36.8903,4.62565e-06,-1.25014e-08,2.23942e-14,-0.259254,
9.93126e+07,96.6628,4.28026e-07,38.3327,4.38467e-06,-5.13422e-09,-8.88041e-16,-0.260943,
9.96426e+07,97.5195,2.59597e-06,38.5662,7.07411e-07,-5.42728e-09,1.23306e-14,-0.262734,
9.99826e+07,99.3952,5.51765e-06,38.5682,5.88707e-09,-1.23562e-09,-1.19006e-14,-0.263154,
1.00313e+08,100.75,4.10513e-06,38.1156,-1.37173e-06,-5.1619e-09,3.56241e-15,-0.264857,
1.00642e+08,101.831,3.2784e-06,37.9707,-4.39397e-07,-3.98669e-09,5.789e-16,-0.266173,
1.00983e+08,103.111,3.75557e-06,37.7361,-6.88234e-07,-3.78934e-09,-2.64166e-17,-0.267464,
1.01312e+08,104.409,3.94508e-06,37.5738,-4.9309e-07,-3.79803e-09,-9.8302e-15,-0.268714,
1.01642e+08,106.525,6.41305e-06,37.8287,7.72611e-07,-7.04138e-09,-1.70008e-15,-0.271037,
1.01982e+08,108.301,5.22437e-06,38.0674,7.02058e-07,-7.61932e-09,-2.47845e-15,-0.273627,
1.02312e+08,110.803,7.58132e-06,37.716,-1.0651e-06,-8.43705e-09,-3.34909e-14,-0.276411,
1.02642e+08,113.893,9.36366e-06,38.0543,1.02506e-06,-1.94896e-08,2.71317e-14,-0.282843,
1.02983e+08,117.262,9.88669e-06,38.8403,2.30659e-06,-1.02434e-08,1.35203e-15,-0.286334,
1.03312e+08,121.524,1.29517e-05,37.728,-3.38065e-06,-9.79849e-09,3.55885e-15,-0.289558,
1.03642e+08,125.015,1.05825e-05,36.6926,-3.13826e-06,-8.6244e-09,-2.23162e-14,-0.292403,
1.03982e+08,128.142,9.19906e-06,36.2969,-1.16424e-06,-1.62106e-08,3.72316e-14,-0.297914,
1.04312e+08,132.805,1.41333e-05,33.7977,-7.57423e-06,-3.92576e-09,-9.8297e-14,-0.299209,
1.04642e+08,135.299,7.55702e-06,31.9024,-5.74494e-06,-3.63546e-08,2.36782e-14,-0.311203,
1.04983e+08,138.728,1.0061e-05,26.5285,-1.57649e-05,-2.82833e-08,7.22792e-14,-0.320844,
1.05312e+08,141.985,9.89654e-06,25.3243,-3.65959e-06,-4.50007e-09,-4.88502e-14,-0.322325,
1.05642e+08,145.202,9.7517e-06,23.8884,-4.35238e-06,-2.06166e-08,-1.11495e-14,-0.329126,
1.05981e+08,147.554,6.91976e-06,25.2506,4.00716e-06,-2.44068e-08,-3.87232e-14,-0.337423,
1.06311e+08,149.496,5.88484e-06,27.5352,6.92406e-06,-3.71834e-08,1.12457e-13,-0.349692,
1.06641e+08,149.324,-5.21698e-07,29.9185,7.22167e-06,-6.94423e-11,-8.74506e-15,-0.349715,
1.06982e+08,149.163,-4.70772e-07,31.0287,3.2577e-06,-3.04954e-09,-1.5466e-13,-0.350754,
1.07311e+08,154.55,1.63706e-05,28.4338,-7.88583e-06,-5.39406e-08,1.70339e-13,-0.368503,
1.07641e+08,151.095,-1.04732e-05,38.1757,2.95276e-05,2.2588e-09,-1.36341e-13,-0.367758,
1.07981e+08,151.402,9.04801e-07,37.9174,-7.59961e-07,-4.40909e-08,9.39886e-14,-0.382747,
1.08311e+08,151.713,9.40439e-07,37.5176,-1.21156e-06,-1.30728e-08,1.56156e-15,-0.387061,
1.08641e+08,152.669,2.90053e-06,36.0842,-4.34586e-06,-1.25577e-08,-1.36507e-14,-0.391203,
1.08982e+08,153.461,2.32356e-06,35.2239,-2.52396e-06,-1.72108e-08,-2.00999e-13,-0.397069,
1.09311e+08,154.333,2.65036e-06,34.3536,-2.64488e-06,-8.33509e-08,2.29511e-13,-0.424497,
1.09641e+08,155.428,3.31556e-06,33.23,-3.40446e-06,-7.60348e-09,1.74458e-14,-0.427006,
1.09981e+08,156.03,1.77352e-06,32.6072,-1.83246e-06,-1.67435e-09,-3.20153e-13,-0.427575,
1.10311e+08,157.227,3.62712e-06,32.4548,-4.61955e-07,-1.07314e-07,3.23191e-13,-0.462985,
1.10641e+08,158.907,5.09065e-06,30.6692,-5.41245e-06,-6.95886e-10,-5.28075e-14,-0.463215,
1.10982e+08,159.746,2.4617e-06,30.2536,-1.21945e-06,-1.86963e-08,-4.31328e-14,-0.469588,
1.11311e+08,161.5,5.33046e-06,25.1551,-1.5491e-05,-3.28923e-08,-5.84451e-13,-0.480413,
1.1164e+08,162.504,3.04372e-06,22.4469,-8.21151e-06,-2.2565e-07,1.00988e-12,-0.554834,
1.1198e+08,164.164,4.88479e-06,23.9563,4.44037e-06,1.1764e-07,-5.82593e-13,-0.514845,
1.1231e+08,165.707,4.67478e-06,20.2526,-1.12235e-05,-7.46131e-08,-1.84158e-13,-0.539467,
1.1264e+08,165.792,2.56831e-07,19.4669,-2.38095e-06,-1.35382e-07,3.97728e-13,-0.58414,
1.12981e+08,166.491,2.05122e-06,20.1837,2.10333e-06,1.64053e-10,-2.94211e-14,-0.584085,
1.1331e+08,166.42,-2.15639e-07,15.684,-1.36756e-05,-9.51643e-09,-1.7489e-14,-0.587216,
1.1364e+08,166.27,-4.55521e-07,15.0591,-1.89307e-06,-1.52893e-08,-6.09556e-14,-0.592262,
1.1398e+08,165.919,-1.03026e-06,14.1148,-2.77927e-06,-3.60016e-08,6.47391e-14,-0.604496,
1.1431e+08,166.715,2.40996e-06,16.3242,6.69414e-06,-1.46342e-08,-2.07498e-13,-0.609326,
1.1464e+08,166.556,-4.80972e-07,16.1525,-5.20463e-07,-8.30727e-08,2.22892e-13,-0.636725,
1.14981e+08,166.453,-3.02934e-07,15.3449,-2.36913e-06,-7.08717e-09,-3.06018e-14,-0.639141,
1.15311e+08,165.758,-2.10726e-06,21.0437,1.72869e-05,-1.71754e-08,3.1958e-14,-0.644803,
1.1564e+08,165.442,-9.60965e-07,19.0293,-6.11722e-06,-6.65132e-09,8.21229e-15,-0.646994,
1.1598e+08,165.729,8.44999e-07,10.2641,-2.57904e-05,-3.86028e-09,-5.75104e-15,-0.648306,
1.1631e+08,165.726,-9.43891e-09,15.2678,1.51639e-05,-5.75795e-09,1.47915e-14,-0.650206,
1.16981e+08,165.612,-3.04488e-07,14.8636,1.16057e-05,-2.44858e-09,7.62995e-15,-0.65133,
1.1731e+08,165.637,7.71372e-08,15.3927,1.6081e-06,6.19529e-11,-1.54632e-15,-0.65131,
1.17639e+08,165.527,-3.34382e-07,15.6623,8.1696e-07,-4.48219e-10,3.11797e-13,-0.651458,
1.17979e+08,165.217,-9.10638e-07,16.6791,2.99114e-06,1.05543e-07,-3.18471e-13,-0.61558,
1.18309e+08,164.986,-7.01835e-07,20.6867,1.21454e-05,4.5683e-10,-6.64111e-16,-0.615429,
1.1864e+08,165.277,8.81225e-07,23.4804,8.45518e-06,2.37397e-10,7.40707e-15,-0.615351,
1.1898e+08,165.917,1.88071e-06,22.3372,-3.35883e-06,2.75849e-09,5.62025e-15,-0.614412,
1.19309e+08,166.184,8.11478e-07,22.37,9.96336e-08,4.60738e-09,-1.92019e-14,-0.612896,
1.19639e+08,165.052,-3.42877e-06,25.8372,1.05077e-05,-1.72869e-09,2.95018e-14,-0.613467,
1.19979e+08,164.188,-2.5437e-06,26.3835,1.60705e-06,8.30026e-09,3.34415e-13,-0.610645,
1.20309e+08,163.282,-2.74532e-06,27.0085,1.89406e-06,1.18641e-07,2.29706e-13,-0.571499,
1.20639e+08,161.42,-5.64225e-06,30.0167,9.11788e-06,1.94428e-07,-6.68316e-13,-0.507352,
1.2098e+08,159.696,-5.05847e-06,31.8443,5.36013e-06,-3.34353e-08,5.45645e-13,-0.518751,
1.21309e+08,155.558,-1.25749e-05,33.3766,4.65712e-06,1.46097e-07,-4.48815e-13,-0.470681,
1.21639e+08,155.371,-5.66164e-07,34.1386,2.31022e-06,-1.94578e-09,-2.01651e-14,-0.471323,
1.21979e+08,154.314,-3.11054e-06,34.3261,5.51293e-07,-8.80247e-09,3.74532e-14,-0.474316,
1.22309e+08,153.775,-1.63229e-06,34.5855,7.86515e-07,3.55144e-09,2.16588e-13,-0.473145,
1.22639e+08,153.666,-3.32081e-07,34.9493,1.10236e-06,7.50232e-08,2.15407e-13,-0.448388,
1.22979e+08,152.958,-2.07817e-06,34.468,-1.41226e-06,1.48431e-07,-2.94574e-13,-0.397805,
1.23308e+08,153.065,3.27876e-07,34.5141,1.40068e-07,5.14992e-08,-1.79617e-13,-0.380859,
1.23638e+08,153.312,7.47597e-07,33.7959,-2.17648e-06,-7.771e-09,7.27739e-14,-0.383423,
1.23978e+08,153.453,4.13148e-07,33.3924,-1.18725e-06,1.69624e-08,1.84488e-13,-0.377658,
1.24308e+08,153.262,-5.77337e-07,33.2171,-5.3105e-07,7.78478e-08,-3.35234e-13,-0.351967,
1.24638e+08,153.131,-3.97096e-07,33.0505,-5.05129e-07,-3.27353e-08,8.06556e-14,-0.362765,
1.24979e+08,152.798,-9.77896e-07,33.1809,3.82343e-07,-5.23844e-09,3.29255e-14,-0.364551,
1.25308e+08,152.382,-1.26419e-06,33.4621,8.54671e-07,5.59542e-09,-7.37807e-14,-0.36271,
1.25638e+08,152.218,-4.94694e-07,33.426,-1.0946e-07,-1.8745e-08,6.00964e-14,-0.368894,
1.25978e+08,152.06,-4.66678e-07,33.3741,-1.52475e-07,1.68356e-09,5.52049e-15,-0.368321,
1.26308e+08,150.119,-5.88252e-06,34.586,3.67303e-06,3.50494e-09,6.97117e-15,-0.367165,
1.26638e+08,150.278,4.8191e-07,34.048,-1.63043e-06,5.80509e-09,-1.91394e-14,-0.36525,
1.26979e+08,150.723,1.30614e-06,33.4088,-1.87534e-06,-7.19096e-10,4.25265e-15,-0.365495,
1.27308e+08,150.421,-9.177e-07,33.6879,8.48311e-07,6.80082e-10,-2.52502e-14,-0.365271,
1.27638e+08,150.116,-9.24657e-07,33.3924,-8.9546e-07,-7.65161e-09,1.81976e-14,-0.367796,
1.27978e+08,149.654,-1.35989e-06,33.9495,1.63913e-06,-1.46605e-09,-2.86562e-14,-0.368294,
1.28308e+08,149.465,-5.73695e-07,34.4209,1.42852e-06,-1.09219e-08,-4.09773e-14,-0.371898,
1.28638e+08,149.324,-4.26836e-07,34.6373,6.5575e-07,-2.44414e-08,3.28469e-14,-0.379962,
1.28979e+08,149.271,-1.54991e-07,34.8665,6.7145e-07,-1.32291e-08,-9.3687e-14,-0.384478,
1.29307e+08,149.425,4.68177e-07,34.9379,2.17403e-07,-4.40064e-08,1.06427e-13,-0.398934,
1.29637e+08,149.831,1.23085e-06,34.5952,-1.03865e-06,-8.89078e-09,2.91599e-14,-0.401868,
1.29977e+08,150.215,1.13012e-06,34.117,-1.40671e-06,1.02211e-09,-7.60038e-15,-0.40152,
1.30307e+08,150.322,3.24822e-07,34.0952,-6.61445e-08,-1.48541e-09,-2.51247e-14,-0.402011,
1.30637e+08,150.742,1.27326e-06,34.0675,-8.37082e-08,-9.77584e-09,-5.6965e-15,-0.405236,
1.30978e+08,151.865,3.29379e-06,33.7689,-8.7595e-07,-1.17179e-08,4.93437e-15,-0.409231,
1.31307e+08,152.58,2.17399e-06,33.4047,-1.10732e-06,-1.00947e-08,-4.79009e-13,-0.412552,
1.31637e+08,153.596,3.07636e-06,32.6362,-2.32882e-06,-1.68168e-07,4.99881e-13,-0.468047,
1.31977e+08,154.092,1.46149e-06,32.3118,-9.5417e-07,1.73212e-09,-4.59205e-15,-0.467458,
1.32307e+08,154.721,1.90604e-06,32.0083,-9.19964e-07,2.16744e-10,1.6289e-14,-0.467387,
1.32637e+08,155.186,1.40967e-06,31.7107,-9.02053e-07,5.58989e-09,-6.70911e-15,-0.465543,
1.32978e+08,159.205,1.1788e-05,30.6945,-2.98107e-06,3.30281e-09,-1.12209e-14,-0.464417,
1.33307e+08,159.365,4.85924e-07,30.2573,-1.32859e-06,-3.8978e-10,1.40557e-14,-0.464545,
1.33637e+08,159.423,1.76677e-07,29.7814,-1.44253e-06,4.24745e-09,-1.05075e-13,-0.463144,
1.33977e+08,159.293,-3.82469e-07,28.7153,-3.13659e-06,-3.14651e-08,2.07319e-14,-0.473838,
1.34307e+08,158.986,-9.29431e-07,29.2677,1.67408e-06,-2.46238e-08,-5.77383e-13,-0.481964,
1.34637e+08,160.083,3.32542e-06,28.054,-3.67869e-06,-2.15123e-07,3.46952e-13,-0.552941,
1.34977e+08,162.331,6.59415e-06,23.4252,-1.35813e-05,-9.68751e-08,1.81196e-13,-0.585958,
1.35306e+08,163.353,3.10704e-06,21.5896,-5.57738e-06,-3.72408e-08,2.90784e-14,-0.598214,
1.35636e+08,163.233,-3.6387e-07,21.8655,8.36351e-07,-2.76495e-08,1.01058e-14,-0.607334,
1.35977e+08,163.69,1.34228e-06,19.8035,-6.05613e-06,-2.42086e-08,2.96368e-14,-0.615577,
1.36306e+08,163.935,7.42628e-07,19.3302,-1.43653e-06,-1.44449e-08,2.12622e-14,-0.620336,
1.36637e+08,164.667,2.21024e-06,19.8639,1.61095e-06,-7.40164e-09,-1.07341e-14,-0.622788,
1.36977e+08,164.652,-4.54598e-08,19.146,-2.11412e-06,-1.10465e-08,-1.74588e-14,-0.626538,
1.37307e+08,164.073,-1.75354e-06,18.2684,-2.65771e-06,-1.68115e-08,3.22846e-14,-0.63209,
1.37636e+08,163.355,-2.18254e-06,18.0414,-6.9057e-07,-6.19755e-09,-2.581e-14,-0.634127,
1.37976e+08,164.707,3.97841e-06,17.4984,-1.59751e-06,-1.49701e-08,2.95218e-14,-0.639216,
1.38306e+08,164.251,-1.38471e-06,13.1701,-1.3118e-05,-5.22937e-09,-9.63101e-15,-0.640941,
1.38636e+08,158.705,-1.68065e-05,19.0294,1.77582e-05,-8.40713e-09,1.24117e-14,-0.643715,
1.38977e+08,159.339,1.85965e-06,18.8098,-6.44375e-07,-4.17639e-09,9.21424e-15,-0.645139,
1.39306e+08,158.528,-2.46464e-06,19.1533,1.04391e-06,-1.14475e-09,-1.63613e-15,-0.645515,
1.39636e+08,158.339,-5.74571e-07,21.8202,8.08176e-06,-1.68466e-09,3.29058e-15,-0.646071,
1.39976e+08,158.564,6.62973e-07,22.1663,1.01834e-06,-5.66277e-10,-1.44239e-14,-0.646264,
1.40305e+08,159.061,1.50504e-06,20.8995,-3.83953e-06,-5.32537e-09,8.77052e-15,-0.648021,
1.40635e+08,158.289,-2.33728e-06,22.5539,5.01377e-06,-2.4314e-09,1.24613e-14,-0.648823,
1.40976e+08,158.359,2.05553e-07,18.0209,-1.33013e-05,1.8153e-09,-1.35374e-14,-0.648204,
1.41305e+08,157.589,-2.34117e-06,21.6516,1.10327e-05,-2.63967e-09,1.1497e-15,-0.649073,
1.41635e+08,157.572,-5.03092e-08,22.1726,1.5794e-06,-2.26038e-09,5.56412e-15,-0.649819,
1.41975e+08,157.58,2.2182e-08,22.8688,2.04781e-06,-3.68914e-10,1.0655e-15,-0.649944,
1.42305e+08,157.662,2.49559e-07,22.952,2.52214e-07,-1.73416e-11,-5.91864e-16,-0.64995,
1.42635e+08,157.372,-8.78423e-07,23.3463,1.19519e-06,-2.12625e-10,5.97881e-15,-0.65002,
1.42976e+08,162.882,1.61631e-05,18.1158,-1.53455e-05,1.82528e-09,1.12495e-14,-0.649398,
1.43305e+08,162.917,1.07032e-07,18.7764,2.008e-06,5.52665e-09,3.58906e-14,-0.647579,
1.43635e+08,163.457,1.63829e-06,18.8292,1.59988e-07,1.73697e-08,5.58814e-15,-0.641848,
1.43975e+08,163.243,-6.309e-07,22.3387,1.03224e-05,1.92696e-08,2.59357e-13,-0.635296,
1.44305e+08,161.927,-3.99039e-06,24.3263,6.02539e-06,1.04823e-07,-1.73825e-13,-0.600719,
1.44635e+08,160.828,-3.3288e-06,26.9408,7.92309e-06,4.74626e-08,6.01071e-13,-0.585056,
1.44976e+08,158.704,-6.23084e-06,30.211,9.5946e-06,2.52328e-07,-3.91204e-13,-0.499054,
1.45305e+08,154.611,-1.24422e-05,33.1958,9.07234e-06,1.23621e-07,-3.57073e-13,-0.458383,
1.45635e+08,152.991,-4.91003e-06,34.8758,5.09146e-06,5.8022e-09,3.32748e-13,-0.456468,
1.45974e+08,151.21,-5.24109e-06,37.2599,7.01452e-06,1.18898e-07,-1.79131e-13,-0.416057,
1.46304e+08,151.536,9.88549e-07,36.585,-2.04533e-06,5.97917e-08,-5.69836e-14,-0.396328,
1.46634e+08,151.332,-6.18512e-07,35.8319,-2.28262e-06,4.09905e-08,6.6973e-15,-0.382803,
1.46975e+08,152.747,4.15243e-06,33.9397,-5.55148e-06,4.32733e-08,-1.31451e-13,-0.368054,
1.47304e+08,153.08,1.01082e-06,33.1512,-2.39636e-06,2.04695e-11,4.1334e-13,-0.368047,
1.47634e+08,153.029,-1.52649e-07,32.6242,-1.59719e-06,1.364e-07,-3.99595e-13,-0.323042,
1.47974e+08,152.478,-1.62137e-06,32.7168,2.72535e-07,5.58351e-10,1.92936e-14,-0.322852,
1.48304e+08,152.151,-9.90317e-07,32.4024,-9.5287e-07,6.92429e-09,-7.04173e-15,-0.320568,
1.48634e+08,151.849,-9.16014e-07,32.3035,-2.99745e-07,4.6011e-09,-1.21135e-15,-0.31905,
1.48975e+08,146.23,-1.64823e-05,34.0612,5.1562e-06,4.18816e-09,-4.10324e-14,-0.317622,
1.49304e+08,139.64,-2.00283e-05,47.1349,3.97308e-05,-9.31383e-09,5.70885e-14,-0.320687,
1.49634e+08,146.254,2.00488e-05,30.7273,-4.97349e-05,9.51979e-09,-1.09813e-13,-0.317546,
1.49974e+08,141.752,-1.32414e-05,39.5101,2.58339e-05,-2.78137e-08,1.18987e-13,-0.327002,
1.50304e+08,144.998,9.83811e-06,32.3479,-2.1709e-05,1.1442e-08,-8.72478e-14,-0.323227,
1.50634e+08,142.077,-8.85238e-06,32.4019,1.6341e-07,-1.73438e-08,8.73843e-14,-0.32895,
1.50975e+08,145.737,1.07358e-05,32.6866,8.35295e-07,1.2441e-08,-2.25074e-13,-0.324709,
1.51304e+08,146.472,2.23502e-06,27.9417,-1.44206e-05,-6.16155e-08,2.54701e-13,-0.344983,
1.51634e+08,144.562,-5.78886e-06,35.5017,2.29135e-05,2.24197e-08,-2.441e-13,-0.337586,
1.51973e+08,143.18,-4.06721e-06,42.554,2.0747e-05,-6.05548e-08,2.73314e-13,-0.358169,
1.52303e+08,146.001,8.54766e-06,35.0656,-2.26898e-05,2.9648e-08,-3.01622e-13,-0.348384,
1.52633e+08,144.53,-4.45853e-06,42.4433,2.23658e-05,-6.98459e-08,2.67934e-13,-0.371424,
1.52974e+08,149.057,1.32807e-05,34.1818,-2.42376e-05,2.14801e-08,-6.77856e-14,-0.364102,
1.53303e+08,149.549,1.49577e-06,34.062,-3.64113e-07,-8.23515e-10,-1.10024e-14,-0.364373,
1.53633e+08,149.694,4.40452e-07,34.2806,6.62582e-07,-4.45357e-09,-1.87493e-14,-0.365843,
1.53973e+08,150.241,1.60764e-06,34.2036,-2.26519e-07,-1.08281e-08,-2.88049e-13,-0.369524,
1.54303e+08,150.977,2.2305e-06,33.6594,-1.64937e-06,-1.05866e-07,3.28405e-13,-0.404453,
1.54633e+08,151.844,2.62995e-06,33.0419,-1.87178e-06,2.4785e-09,-8.92893e-14,-0.403636,
1.54974e+08,153.093,3.6636e-06,32.2833,-2.22543e-06,-2.79574e-08,-2.27192e-13,-0.413165,
1.55303e+08,154.097,3.05074e-06,31.728,-1.68791e-06,-1.027e-07,1.1743e-13,-0.446952,
1.55633e+08,155.475,4.17668e-06,29.5694,-6.54123e-06,-6.39489e-08,2.17273e-13,-0.468054,
1.55973e+08,156.772,3.81377e-06,30.4833,2.68781e-06,9.92029e-09,-6.19419e-15,-0.464682,
1.56303e+08,158.345,4.76814e-06,28.9578,-4.62407e-06,7.8769e-09,-7.80818e-14,-0.462083,
1.56633e+08,159.71,4.13814e-06,27.9113,-3.17116e-06,-1.78909e-08,-3.01803e-13,-0.467987,
1.56974e+08,162.393,7.87276e-06,21.8624,-1.77478e-05,-1.20753e-07,2.0808e-13,-0.509143,
1.57303e+08,162.636,7.37188e-07,21.6965,-5.04427e-07,-5.22926e-08,-4.48929e-13,-0.526347,
1.57632e+08,162.691,1.67721e-07,21.1996,-1.50597e-06,-2.00413e-07,3.62089e-13,-0.592472,
1.57972e+08,160.5,-6.44536e-06,27.7674,1.93198e-05,-7.73194e-08,1.46954e-13,-0.618757,
1.58302e+08,160.584,2.52766e-07,28.1264,1.08768e-06,-2.8826e-08,-1.28695e-14,-0.628269,
1.58632e+08,161.222,1.93572e-06,28.8195,2.10101e-06,-3.3072e-08,8.98811e-14,-0.639181,
1.58973e+08,161.496,8.03776e-07,26.178,-7.75108e-06,-2.44146e-09,-1.25993e-13,-0.640013,
1.59302e+08,160.81,-2.08408e-06,27.9468,5.37557e-06,-4.38984e-08,2.49131e-14,-0.654457,
1.59632e+08,161.141,1.00242e-06,28.0066,1.81203e-07,-3.56787e-08,1.18683e-13,-0.666229,
1.59972e+08,155.426,-1.68118e-05,38.5123,5.37557e-06,4.66785e-09,-7.10621e-14,-0.664642,
1.60302e+08,155.903,1.44712e-06,38.4771,1.81203e-07,-1.87768e-08,-2.90369e-13,-0.670836,
1.60632e+08,156.107,6.17638e-07,41.5538,5.37557e-06,-1.14736e-07,3.30296e-13,-0.708754,
1.60973e+08,157.239,3.31756e-06,41.2944,1.81203e-07,-2.13265e-09,-9.96093e-16,-0.709481,
1.61303e+08,157.5,7.94294e-07,38.338,5.37557e-06,-2.46068e-09,-8.95571e-15,-0.710291,
1.61632e+08,157.666,5.04999e-07,37.7602,1.81203e-07,-5.4077e-09,1.07597e-14,-0.712071,
1.61972e+08,158.186,1.52791e-06,37.1764,5.37557e-06,-1.75006e-09,-2.78608e-16,-0.712666,
1.62302e+08,158.946,2.30486e-06,36.1993,1.81203e-07,-1.84198e-09,3.38759e-15,-0.713273,
1.62632e+08,158.772,-5.27869e-07,37.166,5.37557e-06,-7.24161e-10,4.3593e-15,-0.713512,
1.62973e+08,158.033,-2.1652e-06,36.2762,1.81203e-07,7.62766e-10,-1.16792e-14,-0.713252,
1.63301e+08,157.592,-1.34222e-06,38.9978,5.37557e-06,-3.07738e-09,-4.18332e-13,-0.714264,
1.63631e+08,157.578,-4.34266e-08,37.3753,1.81203e-07,-1.41117e-07,4.46239e-13,-0.760829,
1.63971e+08,156.382,-3.51762e-06,39.5235,5.37557e-06,1.05422e-08,1.43672e-14,-0.757246,
1.64302e+08,165.722,2.82707e-05,33.566,1.81203e-07,1.52886e-08,9.94146e-14,-0.752195,
1.64631e+08,161.619,-1.24458e-05,34.6478,3.28193e-06,4.8058e-08,-7.33964e-14,-0.736354,
1.64972e+08,151.893,-2.85355e-05,38.7226,1.19545e-05,2.30405e-08,1.42271e-13,-0.728501,
1.65301e+08,151.969,2.32263e-07,38.4291,3.28193e-06,6.98488e-08,-1.26833e-13,-0.70552,
1.65631e+08,152.32,1.06185e-06,37.557,-2.64365e-06,2.80114e-08,3.51086e-13,-0.69628,
1.65971e+08,156.951,1.36177e-05,25.4881,-3.54898e-05,1.47404e-07,-3.75348e-13,-0.646153,
1.66302e+08,164.627,2.32305e-05,18.6498,-2.06942e-05,2.3371e-08,6.86426e-14,-0.63843,
1.66631e+08,165.037,1.24406e-06,19.0567,1.23354e-06,4.60137e-08,2.35777e-14,-0.623252,
1.66972e+08,162.433,-7.64122e-06,26.0461,2.05067e-05,5.40499e-08,8.53954e-13,-0.60483,
1.67303e+08,160.899,-4.63974e-06,28.6238,7.79642e-06,3.36389e-07,-6.9749e-13,-0.493611,
1.67631e+08,159.159,-5.30792e-06,30.597,6.01839e-06,1.07718e-07,-5.71547e-13,-0.458295,
1.67971e+08,156.827,-6.8591e-06,32.5268,5.67731e-06,-8.65675e-08,3.97018e-13,-0.487722,
1.68301e+08,156.249,-1.75346e-06,32.6072,2.43532e-07,4.44235e-08,2.19376e-14,-0.473065,
1.68631e+08,155.788,-1.39692e-06,32.8645,7.79765e-07,5.16625e-08,3.52268e-13,-0.456018,
1.68971e+08,154.631,-3.39237e-06,33.6259,2.2339e-06,1.71724e-07,-2.96602e-13,-0.39749,
1.693e+08,153.777,-2.59565e-06,34.0466,1.2786e-06,7.41233e-08,-2.08401e-13,-0.373099,
1.6963e+08,153.214,-1.70685e-06,34.2214,5.29625e-07,5.36124e-09,9.43109e-14,-0.37133,
1.6997e+08,152.962,-7.4233e-07,34.1488,-2.13349e-07,3.74231e-08,-5.00556e-14,-0.358608,
1.703e+08,152.583,-1.14962e-06,34.5646,1.26035e-06,2.09106e-08,-2.59909e-14,-0.351709,
1.7063e+08,152.347,-7.15291e-07,34.7459,5.49397e-07,1.23359e-08,2.56117e-14,-0.34764,
1.70971e+08,152.091,-7.49397e-07,34.7636,5.21672e-08,2.10663e-08,-3.50621e-14,-0.340459,
1.713e+08,151.524,-1.72283e-06,35.0406,8.41643e-07,9.52922e-09,-1.26772e-14,-0.337323,
1.7163e+08,150.87,-1.98239e-06,35.4217,1.15505e-06,5.3465e-09,1.76789e-14,-0.335559,
1.7197e+08,150.656,-6.29363e-07,35.6069,5.44746e-07,1.13563e-08,-2.11862e-14,-0.331699,
1.723e+08,150.683,8.0703e-08,35.5886,-5.5196e-08,4.36698e-09,7.98403e-15,-0.330258,
1.7263e+08,150.778,2.8854e-07,35.5452,-1.31728e-07,7.00194e-09,-8.52409e-15,-0.327947,
1.72971e+08,150.703,-2.18932e-07,35.577,9.32924e-08,4.09688e-09,-8.17437e-15,-0.326551,
1.733e+08,150.762,1.78682e-07,35.5693,-2.32017e-08,1.40654e-09,-1.57376e-15,-0.326088,
1.7363e+08,150.79,8.5396e-08,35.82,7.59929e-07,8.87434e-10,-1.1049e-14,-0.325795,
1.7397e+08,149.557,-3.62983e-06,37.6407,5.35619e-06,-2.8685e-09,-1.04077e-14,-0.32677,
1.743e+08,149.674,3.55641e-07,37.7367,2.90795e-07,-6.30249e-09,-2.68292e-13,-0.32885,
1.7463e+08,149.483,-5.7964e-07,38.3355,1.81465e-06,-9.48348e-08,2.36301e-13,-0.360144,
1.7497e+08,149.168,-9.21823e-07,39.0511,2.09954e-06,-1.42919e-08,5.04094e-14,-0.365015,
1.75299e+08,148.694,-1.44193e-06,36.4608,-7.87431e-06,2.29096e-09,2.46268e-16,-0.364262,
1.75629e+08,148.48,-6.47304e-07,40.2963,1.16252e-05,2.37221e-09,-8.0679e-14,-0.363479,
1.7597e+08,148.877,1.16459e-06,39.9112,-1.13127e-06,-2.50907e-08,-1.02313e-13,-0.37202,
1.763e+08,149.877,3.02624e-06,38.6682,-3.76093e-06,-5.89054e-08,-4.69286e-13,-0.391488,
1.76629e+08,151.085,3.67168e-06,37.7383,-2.82687e-06,-2.13276e-07,5.94741e-13,-0.461645,
1.7697e+08,152.689,4.70334e-06,35.9722,-5.17916e-06,-1.04697e-08,4.09059e-14,-0.465216,
1.77299e+08,156.291,1.09537e-05,33.4013,-7.81733e-06,2.98326e-09,1.52276e-14,-0.464234,
1.77629e+08,156.963,2.03728e-06,32.3985,-3.03917e-06,8.00769e-09,-1.2802e-13,-0.461592,
1.77969e+08,157.763,2.35301e-06,31.8837,-1.514e-06,-3.5522e-08,3.36218e-14,-0.47367,
1.78299e+08,158.576,2.46382e-06,30.0121,-5.67322e-06,-2.44301e-08,-3.66916e-13,-0.48173,
1.78629e+08,159.007,1.30597e-06,29.863,-4.51779e-07,-1.45489e-07,4.15988e-13,-0.529732,
1.7897e+08,160.766,5.16053e-06,23.2924,-1.92765e-05,-3.69453e-09,-2.06637e-13,-0.530992,
1.79299e+08,161.43,2.01614e-06,18.3774,-1.49385e-05,-7.16806e-08,-3.82805e-13,-0.554575,
1.79629e+08,161.347,-2.48711e-07,18.5901,6.4433e-07,-1.98044e-07,4.85259e-13,-0.619949,
1.79971e+08,161.879,1.55416e-06,16.7307,-5.439e-06,-3.21529e-08,-2.11224e-13,-0.630941,
1.80298e+08,161.672,-6.31845e-07,22.9844,1.90776e-05,-1.01392e-07,3.32198e-13,-0.664177,
1.80628e+08,161.922,7.58818e-07,23.7139,2.21076e-06,8.22648e-09,-3.64128e-13,-0.661463,
1.80969e+08,161.706,-6.33146e-07,24.6824,1.90776e-05,-1.15925e-07,1.98691e-13,-0.700988,
1.81298e+08,161.103,-1.83425e-06,26.0381,2.21076e-06,-5.05669e-08,1.13142e-13,-0.717622,
1.81628e+08,160.756,-1.04977e-06,27.631,1.90776e-05,-1.32401e-08,-5.6175e-15,-0.72199,
1.81968e+08,160.722,-1.0245e-07,27.3891,2.21076e-06,-1.51501e-08,-3.11217e-14,-0.727141,
1.82298e+08,156.343,-1.3273e-05,37.9615,1.90776e-05,-2.54172e-08,4.686e-14,-0.735526,
1.82628e+08,157.457,3.37843e-06,35.6555,2.21076e-06,-9.95705e-09,-4.36718e-14,-0.738811,
1.82969e+08,158.769,3.84806e-06,22.7693,1.90776e-05,-2.48429e-08,-1.01637e-13,-0.747279,
1.83298e+08,159.176,1.23797e-06,22.2881,2.21076e-06,-5.82852e-08,1.52194e-13,-0.766457,
1.83628e+08,159.436,7.87128e-07,23.1688,1.90776e-05,-8.06108e-09,1.37419e-13,-0.769117,
1.83968e+08,159.422,-4.20327e-08,23.4244,2.21076e-06,3.86537e-08,-9.49818e-14,-0.755977,
1.84298e+08,159.4,-6.7204e-08,23.8854,1.90776e-05,7.31889e-09,-2.58978e-14,-0.753563,
1.84628e+08,159.516,3.53019e-07,24.5302,2.21076e-06,-1.22432e-09,1.76861e-15,-0.753967,
1.84969e+08,161.401,5.52946e-06,21.7746,1.90776e-05,-6.2143e-10,-4.81581e-14,-0.754178,
1.85298e+08,161.335,-2.00577e-07,22.7026,2.21076e-06,-1.64696e-08,5.89398e-14,-0.759598,
1.85628e+08,161.298,-1.11181e-07,27.4835,1.90776e-05,2.97448e-09,-1.08211e-13,-0.758617,
1.85968e+08,161.333,1.01339e-07,27.5494,2.21076e-06,-3.38134e-08,1.54282e-13,-0.770112,
1.86297e+08,161.289,-1.34241e-07,27.6239,1.90776e-05,1.70852e-08,-1.02096e-13,-0.764476,
1.86627e+08,161.282,-1.94997e-08,20.0285,2.21076e-06,-1.66019e-08,1.15976e-13,-0.769954,
1.86968e+08,161.269,-3.82736e-08,27.7311,1.90776e-05,2.2929e-08,-7.48651e-14,-0.762138,
1.87297e+08,161.23,-1.19648e-07,21.6104,2.21076e-06,-1.70477e-09,4.05854e-15,-0.762699,
1.87627e+08,161.184,-1.39437e-07,25.0892,1.90776e-05,-3.65624e-10,-2.94177e-15,-0.76282,
1.87967e+08,160.934,-7.3528e-07,22.8929,2.21076e-06,-1.36568e-09,2.05607e-14,-0.763284,
1.88297e+08,160.802,-3.99303e-07,22.862,1.90776e-05,5.41642e-09,6.96562e-16,-0.761498,
1.88627e+08,160.819,5.29801e-08,25.3249,2.21076e-06,5.64631e-09,-1.2866e-14,-0.759634,
1.88968e+08,160.029,-2.31813e-06,25.1098,1.90776e-05,1.26126e-09,4.29479e-14,-0.759204,
1.89627e+08,160.71,2.34196e-06,24.6894,1.90776e-05,3.91459e-08,1.531e-14,-0.741225,
1.89967e+08,165.067,1.28157e-05,22.5165,2.21076e-06,4.43507e-08,1.10643e-13,-0.726147,
1.90627e+08,166.541,4.64279e-06,28.1441,2.21076e-06,-8.08212e-08,9.30206e-13,-0.72613,
1.90968e+08,165.315,-3.59838e-06,30.2323,1.90776e-05,2.36279e-07,-6.96798e-13,-0.645584,
1.91297e+08,165.766,1.37057e-06,29.2273,2.21076e-06,7.04831e-09,5.09029e-15,-0.643265,
1.91626e+08,163.536,-6.75651e-06,34.1714,1.4985e-05,8.72779e-09,1.26836e-13,-0.640386,
1.91966e+08,166.787,9.55977e-06,26.4121,-2.2822e-05,5.18511e-08,4.00217e-13,-0.622757,
1.92296e+08,167.689,2.73454e-06,20.0329,-1.93367e-05,1.83883e-07,-5.02317e-13,-0.562093,
1.92626e+08,167.541,-4.47934e-07,22.0012,5.96526e-06,1.81333e-08,2.74212e-13,-0.55611,
1.92967e+08,165.742,-5.27858e-06,27.9025,1.73116e-05,1.11609e-07,-2.91013e-13,-0.518064,
1.93296e+08,164.685,-3.20944e-06,27.1789,-2.1986e-06,1.5823e-08,1.89495e-13,-0.512856,
1.93626e+08,161.787,-8.7884e-06,30.8412,1.11041e-05,7.8322e-08,2.37026e-13,-0.487024,
1.93966e+08,159.971,-5.34049e-06,32.351,4.44157e-06,1.58891e-07,-4.46144e-13,-0.433014,
1.94296e+08,160.456,1.4693e-06,31.0509,-3.94043e-06,1.16985e-08,5.1454e-13,-0.429155,
1.94626e+08,159.386,-3.2428e-06,32.041,3.00068e-06,1.81467e-07,-4.7632e-13,-0.369281,
1.94967e+08,156.641,-8.05448e-06,34.8498,8.24071e-06,1.91115e-08,6.79629e-14,-0.362767,
1.95296e+08,155.707,-2.83731e-06,36.5064,5.03473e-06,4.14728e-08,9.89246e-15,-0.349121,
1.95626e+08,156.035,9.93794e-07,36.0215,-1.46933e-06,4.47375e-08,-7.04078e-14,-0.334357,
1.95966e+08,156.425,1.14533e-06,34.4696,-4.56573e-06,2.08063e-08,2.6027e-13,-0.327285,
1.96296e+08,159.907,1.05562e-05,32.8521,-4.90261e-06,1.06674e-07,-1.74872e-13,-0.292092,
1.96626e+08,155.13,-1.44795e-05,32.7837,-2.07362e-07,4.89725e-08,-2.48343e-14,-0.275933,
1.96967e+08,150.023,-1.49813e-05,30.024,-8.09632e-06,4.05073e-08,1.56878e-13,-0.262125,
1.97296e+08,131.571,-5.60883e-05,43.3195,4.04136e-05,9.21184e-08,-2.00749e-14,-0.231819,
1.97625e+08,128.802,-8.38934e-06,42.7782,-1.64078e-06,8.54946e-08,-1.44237e-13,-0.20361,
1.97965e+08,122.098,-1.97205e-05,38.664,-1.21017e-05,3.64592e-08,-3.63033e-14,-0.191215,
1.98295e+08,121.499,-1.81725e-06,23.4559,-4.60949e-05,2.44817e-08,3.62604e-14,-0.183138,
1.98625e+08,123.907,7.30059e-06,14.9621,-2.57461e-05,3.64442e-08,9.42886e-15,-0.171114,
1.98966e+08,130.002,1.78736e-05,17.859,8.49605e-06,3.96592e-08,9.38009e-14,-0.157592,
1.99295e+08,128.544,-4.42898e-06,18.4248,1.71989e-06,7.05195e-08,-1.27279e-13,-0.134391,
1.99626e+08,125.346,-9.67731e-06,23.6796,1.59013e-05,2.84584e-08,6.80659e-14,-0.124987,
1.99965e+08,140.252,4.39133e-05,27.1211,1.01388e-05,5.15621e-08,-7.14002e-14,-0.107485,
2.00295e+08,146.956,2.02949e-05,29.7837,8.06009e-06,2.79749e-08,-2.47773e-13,-0.0982432,
2.00625e+08,168.799,6.63043e-05,30.2152,1.30961e-06,-5.36497e-08,3.71086e-13,-0.115917,
2.00966e+08,152.666,-4.73274e-05,31.2922,3.15969e-06,7.28453e-08,-1.97751e-13,-0.0910858,
2.01295e+08,149.249,-1.03842e-05,32.0294,2.23979e-06,7.76456e-09,-1.94515e-14,-0.0885305,
2.01625e+08,141.315,-2.40547e-05,38.7267,2.03059e-05,1.34898e-09,-1.84054e-13,-0.0880855,
2.01965e+08,134.753,-1.93004e-05,37.3718,-3.98525e-06,-6.12265e-08,1.79595e-13,-0.108902,
2.02295e+08,109.335,-7.70329e-05,51.4887,4.27828e-05,-1.96655e-09,4.67944e-13,-0.10955,
2.02625e+08,108.515,-2.48456e-06,53.7489,6.85094e-06,1.52419e-07,-5.67354e-13,-0.0592642,
2.02965e+08,109.789,3.73543e-06,57.1382,9.94329e-06,-4.09685e-08,1.12688e-13,-0.0732287,
2.03294e+08,120.762,3.33551e-05,52.2186,-1.49537e-05,-3.89532e-09,4.71536e-14,-0.0745102,
2.03625e+08,118.614,-6.5e-06,55.6774,1.04664e-05,1.16875e-08,6.1562e-14,-0.0706478,
2.03964e+08,121.937,9.78999e-06,53.3038,-1.49537e-05,3.25854e-08,-2.08517e-13,-0.0595864,
2.04294e+08,122.988,3.18378e-06,53.6573,1.04664e-05,-3.6212e-08,-2.08517e-13,-0.071534,
2.04624e+08,123.613,1.89466e-06,53.3749,-1.49537e-05,3.25854e-08,-2.08517e-13,-0.0745371,
2.04966e+08,120.344,-9.57479e-06,55.9013,7.40025e-06,-3.6212e-08,-2.08517e-13,-0.0646387,
2.05295e+08,121.657,3.98954e-06,58.0687,-1.49537e-05,3.25854e-08,-2.08517e-13,-0.0509093,
2.05625e+08,123.17,4.58739e-06,54.1874,7.40025e-06,-3.6212e-08,-1.76053e-13,-0.0530837,
2.05964e+08,126.376,9.44476e-06,54.4272,-1.49537e-05,-3.30166e-07,1.06113e-12,-0.165149,
2.06294e+08,128.807,7.36917e-06,49.8623,7.40025e-06,1.99534e-08,-8.13977e-13,-0.158565,
2.06624e+08,129.237,1.30343e-06,52.1822,-1.49537e-05,-2.48604e-07,1.21277e-12,-0.240588,
2.06965e+08,129.063,-5.10109e-07,49.5892,7.40025e-06,1.65125e-07,-9.82012e-13,-0.184257,
2.07294e+08,129.616,1.67953e-06,51.2706,-1.49537e-05,-1.57796e-07,1.47275e-13,-0.236146,
2.07624e+08,133.929,1.30758e-05,45.4283,7.40025e-06,-1.09218e-07,2.88488e-13,-0.272171,
2.07964e+08,116.015,-5.26976e-05,73.0763,8.1331e-05,-1.11482e-08,-1.83459e-12,-0.275961,
2.08294e+08,121.564,1.68162e-05,73.3728,8.98515e-07,-6.16553e-07,-1.83459e-12,-0.47942,
2.08624e+08,116.741,-1.46185e-05,67.4254,-1.80269e-05,-1.11482e-08,2.02148e-13,-0.488317,
2.08964e+08,113.056,-1.08103e-05,71.2623,1.12577e-05,1.91148e-07,2.02148e-13,-0.423169,
2.09294e+08,111.505,-4.70113e-06,70.7937,-1.42062e-06,-1.11482e-08,-1.86349e-13,-0.449879,
2.09623e+08,101.352,-3.08554e-05,74.6093,1.1596e-05,-3.20433e-07,6.59771e-13,-0.555318,
2.09963e+08,107.788,1.8932e-05,83.2494,2.54164e-05,-9.6151e-08,6.46866e-13,-0.588003,
2.10294e+08,143.459,0.000107917,76.802,1.1596e-05,1.17663e-07,-5.84558e-13,-0.549111,
2.10623e+08,129.326,-4.291e-05,88.9436,2.54164e-05,-7.48642e-08,1.66714e-13,-0.573768,
2.10965e+08,116.584,-3.73273e-05,78.3339,1.1596e-05,-1.79537e-08,2.59282e-13,-0.579897,
2.11294e+08,140.556,7.28661e-05,87.4455,2.54164e-05,6.7347e-08,-7.22639e-14,-0.557741,
2.11623e+08,135.668,-1.48347e-05,92.3471,1.1596e-05,4.35381e-08,-1.21336e-13,-0.543396,
2.11963e+08,147.085,3.35852e-05,83.2786,2.54164e-05,2.29357e-09,-6.43804e-13,-0.542616,
2.12293e+08,148.429,4.07327e-06,86.7377,1.1596e-05,-2.10128e-07,2.31956e-13,-0.611947,
2.12623e+08,144.072,-1.3202e-05,85.269,2.54164e-05,-1.33583e-07,3.46266e-13,-0.656029,
2.12964e+08,144.083,3.40278e-08,85.2624,1.1596e-05,-1.55658e-08,-9.9598e-13,-0.661334,
2.13293e+08,144.95,2.63202e-06,85.3927,2.54164e-05,-3.43294e-07,8.4263e-13,-0.774296,
2.13623e+08,146.849,5.75802e-06,85.6246,1.1596e-05,-6.53004e-08,9.26174e-13,-0.795839,
2.13963e+08,158.999,3.57415e-05,86.4967,2.54164e-05,2.49552e-07,-8.02544e-13,-0.711004,
2.14293e+08,161.794,8.47019e-06,85.6925,1.1596e-05,-1.52334e-08,6.45168e-14,-0.71603,
2.14622e+08,164.387,7.8588e-06,85.8981,2.54164e-05,6.05149e-09,-3.138e-14,-0.714034,
2.14963e+08,164.75,1.06603e-06,85.5482,1.1596e-05,-4.64512e-09,-6.96748e-15,-0.715617,
2.15292e+08,165,7.59743e-07,85.6736,2.54164e-05,-6.93745e-09,-6.33669e-13,-0.7179,
2.15623e+08,163.139,-5.63038e-06,85.3863,1.1596e-05,-2.16345e-07,1.2857e-12,-0.789395,
2.15962e+08,156.527,-1.94828e-05,85.1883,2.54164e-05,2.20036e-07,1.2857e-12,-0.714712,
2.16292e+08,159.84,1.00397e-05,84.9284,1.1596e-05,-2.16345e-07,1.2857e-12,-0.781452,
2.16623e+08,158.206,-4.94485e-06,84.779,2.54164e-05,2.20036e-07,-1.53381e-14,-0.782047,
2.16963e+08,159.937,5.08733e-06,84.5589,1.1596e-05,2.04686e-07,-6.71434e-13,-0.712382,
2.17292e+08,154.68,-1.59786e-05,85.9144,2.54164e-05,-1.62469e-08,4.45045e-14,-0.717728,
2.17622e+08,145.952,-2.64567e-05,89.3384,1.1596e-05,-1.56542e-09,-9.47287e-14,-0.718244,
2.17962e+08,136.416,-2.80491e-05,87.3615,2.54164e-05,-3.37716e-08,3.65773e-13,-0.729726,
2.18292e+08,134.378,-6.17527e-06,90.4438,1.1596e-05,8.69173e-08,-1.15866e-12,-0.701047,
2.18622e+08,141.472,2.15034e-05,86.8643,2.54164e-05,-2.95326e-07,8.62823e-13,-0.798476,
2.18963e+08,122.571,-5.54387e-05,93.3963,1.1596e-05,-1.15331e-09,-2.95707e-15,-0.798869,
2.19292e+08,112.187,-3.15641e-05,93.4631,2.54164e-05,-2.12608e-09,2.18064e-15,-0.799568,
2.19622e+08,147.469,0.00010677,89.9308,1.1596e-05,-1.4055e-09,1.19611e-12,-0.800033,
2.19962e+08,112.459,-0.000103129,93.5712,2.54164e-05,4.04649e-07,-1.547e-12,-0.662663,
2.20292e+08,110.515,-5.88992e-06,94.0233,1.1596e-05,-1.0586e-07,7.42351e-13,-0.697596,
2.20621e+08,128.966,5.59428e-05,89.2058,2.54164e-05,1.38985e-07,7.42351e-13,-0.651756,
2.20965e+08,104.034,-7.26392e-05,93.8383,1.1596e-05,-1.0586e-07,7.42351e-13,-0.786794,
2.21291e+08,123.339,5.91043e-05,89.2568,2.54164e-05,1.38985e-07,1.09557e-12,-0.858468,
2.21621e+08,112.021,-3.43025e-05,93.4626,1.1596e-05,1.23434e-06,1.09557e-12,-0.451214,
2.21961e+08,113.521,4.41101e-06,89.7193,2.54164e-05,1.38985e-07,-1.23493e-13,-0.414118,
2.22291e+08,116.966,1.04423e-05,90.1423,1.1596e-05,-6.72135e-08,-1.23493e-13,-0.436295,
2.22621e+08,116.476,-1.4844e-06,89.4661,2.54164e-05,1.38985e-07,-1.23493e-13,-0.427795,
2.22962e+08,117.612,3.33096e-06,89.9751,1.1596e-05,-6.72135e-08,-1.23493e-13,-0.4284,
2.23291e+08,122.808,1.57938e-05,88.8314,2.54164e-05,1.38985e-07,-1.23493e-13,-0.422504,
2.23621e+08,122.303,-1.53001e-06,89.5106,1.1596e-05,-6.72135e-08,-1.23493e-13,-0.42269,
2.23961e+08,117.835,-1.31426e-05,89.4549,2.54164e-05,1.38985e-07,-3.15704e-14,-0.421165,
2.24291e+08,115.486,-7.12019e-06,90.1133,1.1596e-05,2.31426e-08,3.65345e-13,-0.413531,
2.24621e+08,131.274,4.78447e-05,91.9682,2.54164e-05,1.43696e-07,-4.74868e-13,-0.366115,
2.24962e+08,128.125,-9.23768e-06,89.5438,1.1596e-05,-1.81643e-08,4.37395e-14,-0.372307,
2.25291e+08,114.127,-4.25428e-05,92.1657,2.54164e-05,-3.77266e-09,3.51525e-16,-0.373548,
2.25621e+08,82.6398,-9.54258e-05,91.171,1.1596e-05,-3.65667e-09,3.51499e-14,-0.374754,
2.25961e+08,102.134,5.73395e-05,92.8681,2.54164e-05,8.29333e-09,-7.44977e-14,-0.371935,
2.2629e+08,102.171,1.12749e-07,90.5496,1.1596e-05,-1.62844e-08,-2.62358e-13,-0.377307,
2.2662e+08,102.435,8.00066e-07,93.2068,2.54164e-05,-1.02833e-07,5.42075e-13,-0.411231,
2.26962e+08,109.173,1.97176e-05,90.2188,1.1596e-05,8.24224e-08,-1.00574e-15,-0.383063,
2.2729e+08,88.7473,-6.22435e-05,93.5659,2.54164e-05,8.20924e-08,-3.10761e-13,-0.356123,
2.2762e+08,91.8181,9.30677e-06,90.7878,1.1596e-05,-2.04436e-08,-1.9858e-14,-0.362868,
2.2796e+08,87.3771,-1.30643e-05,93.7747,2.54164e-05,-2.71942e-08,-2.66488e-13,-0.372113,
2.2829e+08,110.398,6.97764e-05,90.3365,1.1596e-05,-1.15114e-07,9.36202e-13,-0.410092,
2.2862e+08,106.557,-1.16412e-05,93.1417,2.54164e-05,1.93791e-07,-5.8006e-13,-0.346149,
2.28961e+08,101.047,-1.61674e-05,93.3808,1.1596e-05,-3.90425e-09,3.29541e-15,-0.34748,
2.2929e+08,94.5489,-1.97478e-05,93.5675,2.54164e-05,-2.81994e-09,2.03324e-14,-0.348408,
2.2962e+08,96.404,5.62275e-06,93.1758,1.1596e-05,3.88854e-09,-9.2893e-15,-0.347125,
2.2996e+08,97.4134,2.96905e-06,93.4091,2.54164e-05,7.30377e-10,-1.39857e-14,-0.346876,
2.3029e+08,104.074,2.01879e-05,91.1496,1.1596e-05,-3.884e-09,1.18503e-14,-0.348158,
2.3062e+08,93.1874,-3.29974e-05,93.4841,2.54164e-05,2.57441e-11,-4.02652e-15,-0.348149,
2.30961e+08,90.8905,-6.73873e-06,92.7907,1.1596e-05,-1.34669e-09,-6.61872e-14,-0.348608,
2.3129e+08,94.8023,1.18889e-05,93.5154,2.54164e-05,-2.31241e-08,-2.10926e-13,-0.356217,
2.3162e+08,94.9388,4.13489e-07,92.5047,1.1596e-05,-9.27307e-08,6.50306e-13,-0.386818,
2.31959e+08,93.793,-3.37092e-06,93.8777,2.54164e-05,1.28302e-07,-3.88711e-13,-0.343209,
2.32289e+08,102.451,2.62409e-05,92.9981,1.1596e-05,5.44684e-11,3.07598e-15,-0.343192,
2.32619e+08,108.772,1.91576e-05,92.9731,2.54164e-05,1.0695e-09,-5.58083e-15,-0.342839,
2.3296e+08,106.791,-5.81248e-06,93.049,1.1596e-05,-8.3261e-10,-6.68429e-15,-0.343122,
2.33289e+08,107.691,2.73335e-06,92.9434,2.54164e-05,-3.03176e-09,-4.27654e-13,-0.34412,
2.33619e+08,102.1,-1.69432e-05,93.2632,1.1596e-05,-1.44149e-07,7.11478e-13,-0.391686,
2.33959e+08,95.7624,-1.86402e-05,93.9615,2.54164e-05,9.77376e-08,-2.8146e-13,-0.358458,
2.34289e+08,96.6272,2.62132e-06,93.6361,1.1596e-05,4.886e-09,-3.35905e-16,-0.356846,
2.34619e+08,99.9561,1.00906e-05,93.8013,2.54164e-05,4.77519e-09,-1.07002e-14,-0.355271,
2.3496e+08,96.8917,-8.98905e-06,94.1784,1.1596e-05,1.12748e-09,2.0058e-16,-0.354886,
2.35289e+08,89.1733,-2.34571e-05,93.4515,2.54164e-05,1.19348e-09,-3.39137e-15,-0.354493,
2.35619e+08,102.235,3.95776e-05,93.3461,1.1596e-05,7.42284e-11,3.93984e-15,-0.354469,
2.35959e+08,104.64,7.07718e-06,92.817,2.54164e-05,1.41313e-09,4.569e-16,-0.353989,
2.36289e+08,106.138,4.54007e-06,93.0842,1.1596e-05,1.56388e-09,-5.50327e-13,-0.353473,
2.36619e+08,119.532,4.05879e-05,90.8367,2.54164e-05,-1.80036e-07,1.01656e-12,-0.412882,
2.3696e+08,95.273,-7.11758e-05,93.5894,1.1596e-05,1.66432e-07,-5.04904e-13,-0.356158,
2.37289e+08,99.6897,1.34253e-05,91.4682,2.54164e-05,3.27027e-10,4.64776e-15,-0.35605,
2.37619e+08,96.669,-9.15345e-06,93.5471,1.1596e-05,1.86081e-09,5.19941e-15,-0.355436,
2.37958e+08,76.1125,-6.04791e-05,92.2258,2.54164e-05,3.62806e-09,-4.73241e-15,-0.354203,
2.38288e+08,84.5294,2.55096e-05,91.4634,1.1596e-05,2.0666e-09,-5.80956e-15,-0.353521,
2.38618e+08,87.6143,9.34966e-06,91.9107,2.54164e-05,1.49759e-10,-3.89357e-16,-0.353472,
2.38959e+08,93.9786,1.86724e-05,91.3175,1.1596e-05,1.70504e-11,7.81205e-15,-0.353466,
2.39288e+08,92.6694,-3.97912e-06,92.1089,2.54164e-05,2.58743e-09,-5.90108e-13,-0.352614,
2.39618e+08,110.101,5.28295e-05,90.5327,1.1596e-05,-1.92128e-07,1.10558e-12,-0.41601,
2.39958e+08,102.301,-2.29444e-05,91.6501,2.54164e-05,1.83723e-07,-5.58167e-13,-0.353552,
2.40288e+08,114.625,3.7354e-05,90.6073,1.1596e-05,-4.28263e-10,-4.46834e-13,-0.353693,
2.40618e+08,132.013,5.26949e-05,90.3678,2.54164e-05,-1.47873e-07,3.50148e-13,-0.402488,
2.40959e+08,107.488,-7.19556e-05,90.5005,1.1596e-05,-2.85304e-08,7.15727e-13,-0.412212,
2.41288e+08,95.7688,-3.56225e-05,91.9116,2.54164e-05,2.06935e-07,-1.18952e-12,-0.344133,
2.41618e+08,99.373,1.09216e-05,90.9327,1.1596e-05,-1.85618e-07,1.05683e-12,-0.405389,
2.41958e+08,105.118,1.68992e-05,91.0071,2.54164e-05,1.73684e-07,-5.16992e-13,-0.346339,
2.42288e+08,105.07,-1.45987e-07,90.6349,1.1596e-05,3.15811e-09,-1.82121e-14,-0.345297,
2.42618e+08,105.895,2.49996e-06,91.0492,2.54164e-05,-2.85171e-09,-3.41485e-13,-0.346238,
2.42958e+08,88.1673,-5.20114e-05,91.5125,1.1596e-05,-1.19246e-07,6.35891e-13,-0.386883,
2.43287e+08,99.8889,3.56321e-05,93.3899,2.54164e-05,8.99391e-08,-2.7247e-13,-0.357296,
2.43617e+08,101.483,4.83048e-06,91.0844,1.1596e-05,4.15507e-11,2.20198e-14,-0.357283,
2.43957e+08,108.206,1.9777e-05,93.1526,2.54164e-05,7.5274e-09,-4.56618e-13,-0.354724,
2.44287e+08,108.716,1.54526e-06,90.6312,1.1596e-05,-1.43152e-07,8.84785e-13,-0.401962,
2.44617e+08,109.713,3.02105e-06,93.2342,2.54164e-05,1.48836e-07,-9.51719e-13,-0.352845,
