0,0,
10000,0,
20000,17,
30000,17,
40000,0,
50000,17,
60000,17,
70000,0,
80000,17,
90000,17,
175000,0,
185000,0,
195000,0,
205000,0,
215000,17,
225000,0,
235000,17,
245000,0,
255000,0,
265000,17,
377000,0,
387000,17,
397000,17,
407000,17,
417000,17,
427000,0,
437000,0,
447000,17,
457000,0,
467000,17,
567000,17,
577000,17,
587000,0,
597000,17,
607000,0,
617000,0,
627000,0,
637000,17,
647000,17,
657000,0,
757000,0,
767000,17,
777000,17,
787000,0,
797000,0,
807000,0,
817000,17,
827000,17,
837000,0,
847000,17,
931000,17,
941000,17,
951000,0,
961000,17,
971000,0,
981000,17,
991000,17,
1.001e+06,0,
1.011e+06,17,
1.021e+06,0,
1.104e+06,0,
1.114e+06,17,
1.124e+06,17,
1.134e+06,0,
1.144e+06,0,
1.154e+06,17,
1.164e+06,0,
1.174e+06,0,
1.184e+06,0,
1.194e+06,0,
1.3e+06,0,
1.31e+06,0,
1.32e+06,0,
1.33e+06,17,
1.34e+06,17,
1.35e+06,0,
1.36e+06,17,
1.37e+06,17,
1.38e+06,0,
1.39e+06,17,
1.488e+06,17,
1.498e+06,17,
1.508e+06,0,
1.518e+06,0,
1.528e+06,0,
1.538e+06,0,
1.548e+06,0,
1.558e+06,0,
1.568e+06,0,
1.578e+06,0,
1.663e+06,0,
1.673e+06,17,
1.683e+06,0,
1.693e+06,17,
1.703e+06,0,
1.713e+06,0,
1.723e+06,0,
1.733e+06,0,
1.743e+06,0,
1.753e+06,0,
1.836e+06,0,
1.846e+06,0,
1.856e+06,0,
1.866e+06,17,
1.876e+06,17,
1.886e+06,0,
1.896e+06,0,
1.906e+06,0,
1.916e+06,17,
1.926e+06,0,
2.026e+06,0,
2.036e+06,0,
2.046e+06,0,
2.056e+06,0,
2.066e+06,0,
2.076e+06,17,
2.086e+06,0,
2.096e+06,0,
2.106e+06,17,
2.116e+06,0,
2.213e+06,17,
2.223e+06,0,
2.233e+06,0,
2.243e+06,17,
2.253e+06,0,
2.263e+06,0,
2.273e+06,0,
2.283e+06,0,
2.293e+06,0,
2.303e+06,0,
2.408e+06,0,
2.418e+06,0,
2.428e+06,17,
2.438e+06,0,
2.448e+06,0,
2.458e+06,0,
2.468e+06,0,
2.478e+06,17,
2.488e+06,0,
2.498e+06,0,
2.59e+06,0,
2.6e+06,0,
2.61e+06,0,
2.62e+06,0,
2.63e+06,17,
2.64e+06,0,
2.65e+06,0,
2.66e+06,0,
2.67e+06,17,
2.68e+06,0,
2.765e+06,0,
2.775e+06,17,
2.785e+06,0,
2.795e+06,17,
2.805e+06,0,
2.815e+06,0,
2.825e+06,0,
2.835e+06,0,
2.845e+06,0,
2.855e+06,0,
2.967e+06,17,
2.977e+06,0,
2.987e+06,0,
2.997e+06,0,
3.007e+06,0,
3.017e+06,0,
3.027e+06,0,
3.037e+06,0,
3.047e+06,17,
3.057e+06,0,
3.133e+06,17,
3.143e+06,0,
3.153e+06,0,
3.163e+06,0,
3.173e+06,17,
3.183e+06,17,
3.193e+06,17,
3.203e+06,0,
3.213e+06,0,
3.223e+06,0,
0,0,
10000,0,
20000,0,
30000,17,
40000,0,
50000,17,
60000,0,
70000,0,
80000,0,
90000,0,
182000,17,
192000,0,
202000,17,
212000,17,
222000,0,
232000,17,
242000,0,
252000,17,
262000,17,
272000,17,
386000,17,
396000,0,
406000,0,
416000,17,
426000,17,
436000,0,
446000,17,
456000,0,
466000,0,
476000,0,
559000,0,
569000,17,
579000,17,
589000,17,
599000,0,
609000,17,
619000,0,
629000,17,
639000,17,
649000,0,
733000,0,
743000,0,
753000,0,
763000,17,
773000,0,
783000,0,
793000,0,
803000,0,
813000,0,
823000,0,
937000,17,
947000,0,
957000,0,
967000,17,
977000,0,
987000,17,
997000,0,
1.007e+06,0,
1.017e+06,0,
1.027e+06,0,
1.11e+06,0,
1.12e+06,0,
1.13e+06,0,
1.14e+06,0,
1.15e+06,0,
1.16e+06,0,
1.17e+06,17,
1.18e+06,17,
1.19e+06,0,
1.2e+06,0,
1.313e+06,17,
1.323e+06,0,
1.333e+06,0,
1.343e+06,17,
1.353e+06,0,
1.363e+06,0,
1.373e+06,0,
1.383e+06,17,
1.393e+06,17,
1.403e+06,0,
1.501e+06,0,
1.511e+06,0,
1.521e+06,0,
1.531e+06,0,
1.541e+06,0,
1.551e+06,0,
1.561e+06,0,
1.571e+06,17,
1.581e+06,0,
1.591e+06,17,
1.661e+06,0,
1.671e+06,0,
1.681e+06,0,
1.691e+06,0,
1.701e+06,0,
1.711e+06,0,
1.721e+06,17,
1.731e+06,0,
1.741e+06,17,
1.751e+06,0,
1.865e+06,17,
1.875e+06,0,
1.885e+06,17,
1.895e+06,0,
1.905e+06,17,
1.915e+06,0,
1.925e+06,0,
1.935e+06,0,
1.945e+06,0,
1.955e+06,0,
2.084e+06,0,
2.094e+06,0,
2.104e+06,0,
2.114e+06,17,
2.124e+06,0,
2.134e+06,0,
2.144e+06,0,
2.154e+06,0,
2.164e+06,0,
2.174e+06,17,
2.249e+06,0,
2.259e+06,17,
2.269e+06,0,
2.279e+06,17,
2.289e+06,0,
2.299e+06,0,
2.309e+06,0,
2.319e+06,0,
2.329e+06,17,
2.339e+06,0,
2.393e+06,0,
2.403e+06,17,
2.413e+06,0,
2.423e+06,0,
2.433e+06,17,
2.443e+06,17,
2.453e+06,0,
2.463e+06,0,
2.473e+06,0,
2.483e+06,0,
2.589e+06,0,
2.599e+06,0,
2.609e+06,0,
2.619e+06,17,
2.629e+06,17,
2.639e+06,17,
2.649e+06,0,
2.659e+06,0,
2.669e+06,0,
2.679e+06,0,
2.771e+06,0,
2.781e+06,17,
2.791e+06,0,
2.801e+06,0,
2.811e+06,0,
2.821e+06,0,
2.831e+06,0,
2.841e+06,0,
2.851e+06,17,
2.861e+06,17,
0,17,
10000,0,
20000,0,
30000,0,
40000,0,
50000,17,
60000,0,
70000,17,
80000,17,
90000,0,
174000,0,
184000,0,
194000,17,
204000,17,
214000,17,
224000,0,
234000,0,
244000,17,
254000,0,
264000,0,
384000,17,
394000,17,
404000,0,
414000,0,
424000,0,
434000,17,
444000,0,
454000,0,
464000,0,
474000,17,
551000,17,
561000,0,
571000,0,
581000,17,
591000,0,
601000,0,
611000,0,
621000,0,
631000,17,
641000,17,
718000,17,
728000,0,
738000,0,
748000,0,
758000,0,
768000,17,
778000,17,
788000,17,
798000,0,
808000,0,
0,17,
10000,0,
20000,17,
30000,0,
40000,17,
50000,17,
60000,0,
70000,0,
80000,0,
90000,17,
189000,0,
199000,0,
209000,0,
219000,0,
229000,17,
239000,0,
249000,0,
259000,0,
269000,17,
279000,0,
376000,17,
387000,17,
397000,17,
407000,0,
417000,17,
427000,0,
437000,17,
447000,17,
457000,0,
467000,0,
573000,0,
583000,0,
593000,0,
603000,17,
613000,0,
623000,0,
633000,17,
643000,0,
653000,0,
663000,0,
754000,0,
764000,17,
774000,0,
784000,17,
794000,0,
804000,0,
814000,0,
824000,0,
834000,0,
844000,0,
957000,0,
968000,0,
978000,17,
988000,17,
998000,0,
1.008e+06,0,
1.018e+06,0,
1.028e+06,17,
1.038e+06,17,
1.048e+06,0,
1.125e+06,17,
0,0,
10000,0,
20000,0,
30000,0,
40000,0,
50000,17,
60000,17,
70000,0,
80000,17,
90000,17,
202000,17,
212000,0,
222000,0,
232000,17,
242000,17,
252000,17,
262000,0,
272000,0,
282000,0,
292000,17,
368000,17,
378000,17,
388000,0,
398000,17,
408000,0,
419000,17,
429000,17,
439000,17,
449000,17,
459000,17,
579000,0,
589000,0,
599000,0,
609000,17,
620000,0,
630000,0,
640000,0,
650000,0,
660000,0,
670000,0,
754000,0,
764000,17,
774000,0,
784000,0,
794000,17,
804000,17,
814000,0,
824000,17,
834000,17,
844000,17,
928000,0,
938000,0,
948000,0,
958000,0,
968000,0,
978000,0,
988000,17,
998000,0,
1.008e+06,0,
1.018e+06,17,
1.124e+06,0,
1.134e+06,0,
1.144e+06,0,
1.154e+06,0,
1.164e+06,0,
1.174e+06,17,
1.184e+06,17,
1.194e+06,0,
1.204e+06,17,
1.214e+06,17,
1.283e+06,17,
1.293e+06,0,
1.303e+06,0,
1.313e+06,0,
1.323e+06,0,
1.333e+06,17,
1.343e+06,17,
1.353e+06,0,
1.363e+06,0,
1.373e+06,0,
1.463e+06,0,
1.473e+06,0,
1.483e+06,0,
1.493e+06,0,
1.503e+06,17,
1.513e+06,0,
1.524e+06,17,
1.534e+06,17,
1.544e+06,0,
1.554e+06,0,
1.658e+06,0,
1.668e+06,17,
1.679e+06,0,
1.689e+06,17,
1.699e+06,17,
1.709e+06,0,
1.719e+06,17,
1.729e+06,17,
1.739e+06,17,
1.749e+06,17,
1.834e+06,17,
1.844e+06,0,
1.854e+06,17,
1.864e+06,0,
1.874e+06,0,
1.884e+06,17,
1.894e+06,0,
1.904e+06,17,
1.914e+06,0,
1.924e+06,0,
2.015e+06,0,
2.025e+06,17,
2.035e+06,0,
2.045e+06,0,
2.055e+06,0,
2.065e+06,17,
2.075e+06,17,
2.085e+06,17,
2.095e+06,17,
2.105e+06,17,
2.202e+06,0,
2.212e+06,17,
2.222e+06,17,
2.232e+06,0,
2.242e+06,0,
2.252e+06,0,
2.262e+06,0,
2.272e+06,0,
2.282e+06,0,
2.292e+06,17,
2.448e+06,17,
2.458e+06,0,
2.468e+06,17,
2.478e+06,17,
2.488e+06,0,
2.498e+06,0,
2.508e+06,0,
2.518e+06,17,
2.528e+06,0,
2.538e+06,0,
2.588e+06,0,
2.598e+06,17,
2.608e+06,0,
2.618e+06,0,
2.628e+06,0,
2.639e+06,0,
2.649e+06,0,
2.659e+06,17,
2.669e+06,0,
2.679e+06,0,
2.762e+06,17,
2.772e+06,0,
2.782e+06,0,
2.792e+06,17,
2.802e+06,0,
2.812e+06,17,
2.822e+06,17,
2.832e+06,0,
2.842e+06,0,
2.852e+06,0,
2.957e+06,0,
2.967e+06,17,
2.977e+06,17,
2.987e+06,0,
2.997e+06,0,
3.007e+06,17,
3.017e+06,17,
3.027e+06,0,
3.037e+06,0,
3.047e+06,0,
3.146e+06,0,
3.156e+06,0,
3.166e+06,0,
3.176e+06,0,
3.186e+06,0,
3.196e+06,0,
3.206e+06,0,
3.216e+06,0,
3.226e+06,0,
3.236e+06,17,
3.326e+06,0,
3.336e+06,0,
3.346e+06,17,
3.356e+06,0,
3.366e+06,0,
3.376e+06,0,
3.386e+06,0,
3.396e+06,0,
3.406e+06,0,
3.416e+06,0,
3.522e+06,0,
3.532e+06,0,
4.3542e+07,17,
4.3552e+07,17,
4.3562e+07,17,
4.3572e+07,0,
4.3582e+07,0,
4.3592e+07,17,
4.3602e+07,17,
4.3612e+07,0,
4.3682e+07,17,
4.3692e+07,0,
4.3702e+07,0,
4.3712e+07,17,
4.3722e+07,0,
4.3732e+07,0,
4.3742e+07,0,
4.3752e+07,17,
4.3762e+07,0,
4.3772e+07,0,
4.3864e+07,0,
4.3874e+07,0,
4.3884e+07,0,
4.3894e+07,0,
4.3904e+07,17,
4.3914e+07,17,
4.3924e+07,17,
4.3934e+07,0,
4.3944e+07,17,
4.3954e+07,0,
4.41e+07,0,
4.411e+07,17,
4.412e+07,0,
4.413e+07,17,
4.414e+07,17,
4.415e+07,0,
4.4161e+07,0,
4.4171e+07,0,
4.4181e+07,0,
4.4191e+07,0,
4.424e+07,17,
4.425e+07,0,
4.426e+07,17,
4.427e+07,0,
4.428e+07,0,
4.429e+07,17,
4.43e+07,17,
4.4311e+07,0,
4.4321e+07,17,
4.4331e+07,17,
4.4422e+07,17,
4.4432e+07,17,
4.4442e+07,0,
4.4452e+07,0,
4.4462e+07,0,
4.4472e+07,0,
4.4482e+07,0,
4.4492e+07,0,
4.4502e+07,0,
4.4512e+07,17,
4.4626e+07,0,
4.4636e+07,17,
4.4646e+07,0,
4.4656e+07,0,
4.4666e+07,0,
4.4676e+07,0,
4.4686e+07,0,
4.4696e+07,0,
4.4706e+07,0,
4.4716e+07,0,
4.4791e+07,0,
4.4801e+07,17,
4.4811e+07,0,
4.4821e+07,17,
4.4831e+07,0,
4.4841e+07,0,
4.4851e+07,0,
4.4861e+07,0,
4.4871e+07,17,
4.4881e+07,0,
4.498e+07,17,
4.499e+07,17,
4.5e+07,0,
4.501e+07,0,
4.502e+07,17,
4.503e+07,17,
4.504e+07,17,
4.505e+07,17,
4.506e+07,17,
4.507e+07,0,
4.5153e+07,0,
4.5163e+07,0,
4.5173e+07,0,
4.5183e+07,17,
4.5193e+07,0,
4.5203e+07,0,
4.5213e+07,17,
4.5223e+07,17,
4.5233e+07,0,
4.5243e+07,17,
4.5356e+07,0,
4.5366e+07,0,
4.5376e+07,0,
4.5386e+07,17,
4.5396e+07,0,
4.5406e+07,0,
4.5416e+07,17,
4.5426e+07,0,
4.5436e+07,0,
4.5446e+07,17,
4.553e+07,0,
4.554e+07,0,
4.555e+07,17,
4.556e+07,0,
4.557e+07,17,
4.558e+07,0,
4.559e+07,17,
4.56e+07,0,
4.561e+07,0,
4.562e+07,0,
4.5704e+07,0,
4.5714e+07,17,
4.5724e+07,0,
4.5734e+07,0,
4.5744e+07,17,
4.5754e+07,0,
4.5764e+07,0,
4.5774e+07,17,
4.5784e+07,0,
4.5794e+07,17,
4.5907e+07,0,
4.5917e+07,0,
4.5927e+07,0,
4.5937e+07,0,
4.5947e+07,17,
4.5957e+07,17,
4.5967e+07,0,
4.5977e+07,0,
4.5987e+07,17,
4.5997e+07,0,
4.6074e+07,0,
4.6084e+07,0,
4.6094e+07,17,
4.6104e+07,0,
4.6114e+07,0,
4.6124e+07,0,
4.6134e+07,0,
4.6144e+07,0,
4.6154e+07,17,
4.6164e+07,0,
4.6255e+07,0,
4.6265e+07,0,
4.6275e+07,0,
4.6285e+07,17,
4.6295e+07,17,
4.6305e+07,0,
4.6315e+07,0,
4.6325e+07,17,
4.6335e+07,0,
4.6345e+07,17,
4.6444e+07,0,
4.6454e+07,17,
4.6464e+07,0,
4.6474e+07,0,
4.6484e+07,0,
4.6494e+07,0,
4.6504e+07,0,
4.6515e+07,17,
4.6525e+07,0,
4.6535e+07,0,
4.6625e+07,0,
4.6635e+07,17,
4.6645e+07,0,
4.6655e+07,0,
4.6665e+07,0,
4.6675e+07,17,
4.6685e+07,0,
4.6695e+07,0,
4.6705e+07,17,
4.6715e+07,17,
4.6806e+07,0,
4.6816e+07,17,
4.6826e+07,17,
4.6836e+07,0,
4.6846e+07,17,
4.6856e+07,0,
4.6866e+07,17,
4.6876e+07,17,
4.6886e+07,17,
4.6896e+07,0,
4.6988e+07,0,
4.6998e+07,0,
4.7008e+07,0,
4.7018e+07,0,
4.7028e+07,0,
4.7038e+07,17,
4.7048e+07,17,
4.7058e+07,17,
4.7068e+07,0,
4.7078e+07,0,
4.719e+07,17,
4.72e+07,17,
4.721e+07,0,
4.722e+07,17,
4.723e+07,17,
4.724e+07,0,
4.725e+07,0,
4.726e+07,0,
4.727e+07,0,
4.728e+07,17,
4.7394e+07,17,
4.7404e+07,0,
4.7414e+07,0,
4.7424e+07,17,
4.7434e+07,17,
4.7444e+07,0,
4.7454e+07,0,
4.7464e+07,17,
4.7474e+07,0,
4.7484e+07,17,
4.7532e+07,17,
4.7542e+07,17,
4.7552e+07,0,
4.7562e+07,0,
4.7572e+07,0,
4.7582e+07,0,
4.7592e+07,0,
4.7602e+07,17,
4.7612e+07,17,
4.7622e+07,17,
4.7742e+07,17,
4.7752e+07,0,
4.7762e+07,0,
4.7772e+07,0,
4.7782e+07,0,
4.7792e+07,17,
4.7802e+07,17,
4.7812e+07,17,
4.7822e+07,17,
4.7832e+07,0,
4.7916e+07,0,
4.7926e+07,17,
4.7936e+07,17,
4.7946e+07,0,
4.7956e+07,0,
4.7966e+07,17,
4.7976e+07,0,
4.7986e+07,0,
4.7996e+07,0,
4.8006e+07,17,
4.8121e+07,0,
4.8131e+07,0,
4.8141e+07,17,
4.8151e+07,17,
4.8161e+07,17,
4.8171e+07,0,
4.8181e+07,0,
4.8191e+07,0,
4.8201e+07,0,
4.8211e+07,0,
4.8308e+07,17,
4.8318e+07,0,
4.8328e+07,17,
4.8338e+07,0,
4.8348e+07,17,
4.8358e+07,0,
4.8368e+07,0,
4.8378e+07,17,
4.8388e+07,0,
4.8398e+07,0,
4.8467e+07,0,
4.8477e+07,0,
4.8487e+07,0,
4.8497e+07,17,
4.8507e+07,0,
4.8517e+07,0,
4.8527e+07,0,
4.8537e+07,17,
4.8547e+07,17,
4.8557e+07,0,
4.867e+07,17,
4.868e+07,0,
4.869e+07,17,
4.87e+07,17,
4.871e+07,17,
4.872e+07,0,
4.873e+07,17,
4.874e+07,17,
4.875e+07,17,
4.876e+07,0,
4.888e+07,17,
4.889e+07,0,
4.89e+07,0,
4.891e+07,0,
4.8921e+07,17,
4.8931e+07,0,
4.8941e+07,17,
4.8951e+07,0,
4.8961e+07,0,
4.8971e+07,17,
4.9055e+07,0,
4.9065e+07,17,
4.9075e+07,0,
4.9085e+07,0,
4.9095e+07,0,
4.9105e+07,0,
4.9115e+07,17,
4.9125e+07,17,
4.9135e+07,0,
4.9145e+07,0,
4.9201e+07,0,
4.9211e+07,0,
4.9221e+07,0,
4.9231e+07,17,
4.9241e+07,0,
4.9251e+07,0,
4.9261e+07,0,
4.9271e+07,0,
4.9281e+07,17,
4.9291e+07,17,
4.9395e+07,0,
4.9405e+07,17,
4.9415e+07,0,
4.9425e+07,0,
4.9435e+07,0,
4.9445e+07,17,
4.9455e+07,17,
4.9465e+07,0,
4.9475e+07,0,
4.9485e+07,0,
4.9577e+07,17,
4.9587e+07,17,
4.9597e+07,17,
4.9607e+07,0,
4.9618e+07,0,
4.9628e+07,0,
4.9638e+07,0,
4.9648e+07,0,
4.9658e+07,17,
4.9668e+07,17,
4.9781e+07,0,
4.9791e+07,0,
4.9801e+07,0,
4.9811e+07,0,
4.9821e+07,17,
4.9831e+07,17,
4.9841e+07,17,
4.9851e+07,0,
4.9861e+07,0,
4.9871e+07,17,
4.9954e+07,0,
4.9964e+07,17,
4.9974e+07,0,
4.9984e+07,0,
4.9994e+07,17,
5.0004e+07,0,
5.0014e+07,17,
5.0024e+07,17,
5.0034e+07,17,
5.0044e+07,17,
5.0128e+07,0,
5.0138e+07,17,
5.0148e+07,17,
5.0158e+07,17,
5.0168e+07,0,
5.0178e+07,0,
5.0188e+07,17,
5.0198e+07,17,
5.0208e+07,0,
5.0219e+07,0,
5.0302e+07,0,
5.0312e+07,0,
5.0322e+07,0,
5.0332e+07,0,
5.0342e+07,17,
5.0352e+07,0,
5.0362e+07,0,
5.0372e+07,0,
5.0382e+07,0,
5.0392e+07,0,
5.0505e+07,0,
5.0515e+07,0,
5.0525e+07,17,
5.0535e+07,0,
5.0545e+07,0,
5.0555e+07,17,
5.0565e+07,0,
5.0575e+07,17,
5.0585e+07,0,
5.0595e+07,0,
5.0687e+07,17,
5.0697e+07,0,
5.0707e+07,0,
5.0717e+07,0,
5.0727e+07,0,
5.0737e+07,17,
5.0747e+07,0,
5.0757e+07,17,
5.0767e+07,0,
5.0777e+07,17,
5.0867e+07,0,
5.0877e+07,17,
5.0888e+07,17,
5.0898e+07,17,
5.0908e+07,0,
5.0918e+07,17,
5.0928e+07,0,
5.0938e+07,0,
5.0948e+07,17,
5.0958e+07,17,
5.1064e+07,17,
5.1074e+07,0,
5.1084e+07,0,
5.1094e+07,17,
5.1104e+07,0,
5.1114e+07,17,
5.1124e+07,0,
5.1134e+07,17,
5.1144e+07,0,
5.1154e+07,0,
5.1251e+07,0,
5.1261e+07,17,
5.1271e+07,0,
5.1281e+07,17,
5.1291e+07,17,
5.1301e+07,17,
5.1311e+07,17,
5.1321e+07,17,
5.1331e+07,0,
5.1341e+07,0,
5.1413e+07,0,
5.1423e+07,0,
5.1433e+07,17,
5.1443e+07,17,
5.1453e+07,17,
5.1463e+07,0,
5.1473e+07,0,
5.1483e+07,0,
5.1493e+07,0,
5.1503e+07,0,
5.16e+07,17,
5.161e+07,0,
5.162e+07,17,
5.163e+07,0,
5.164e+07,17,
5.165e+07,0,
5.166e+07,0,
5.167e+07,17,
5.168e+07,0,
5.169e+07,0,
5.1789e+07,17,
5.1799e+07,0,
5.1809e+07,17,
5.1819e+07,17,
5.1829e+07,0,
5.1839e+07,17,
5.1849e+07,17,
5.1859e+07,0,
5.1869e+07,0,
5.1879e+07,17,
5.1963e+07,17,
5.1973e+07,0,
5.1983e+07,17,
5.1993e+07,17,
5.2003e+07,17,
5.2013e+07,0,
5.2023e+07,17,
5.2033e+07,17,
5.2043e+07,17,
5.2053e+07,0,
5.2165e+07,0,
5.2175e+07,17,
5.2185e+07,0,
5.2195e+07,17,
5.2205e+07,0,
5.2215e+07,0,
5.2225e+07,17,
5.2235e+07,0,
5.2245e+07,0,
5.2255e+07,0,
5.2346e+07,0,
5.2356e+07,0,
5.2366e+07,17,
5.2376e+07,0,
5.2386e+07,17,
5.2396e+07,17,
5.2406e+07,0,
5.2416e+07,17,
5.2426e+07,0,
5.2436e+07,0,
5.252e+07,17,
5.253e+07,17,
5.254e+07,0,
5.255e+07,0,
5.256e+07,0,
5.257e+07,17,
5.258e+07,17,
5.259e+07,0,
5.26e+07,0,
5.261e+07,17,
5.273e+07,17,
5.274e+07,0,
5.275e+07,0,
5.276e+07,17,
5.277e+07,0,
5.278e+07,0,
5.279e+07,0,
5.28e+07,0,
5.281e+07,0,
5.282e+07,0,
5.2898e+07,17,
5.2908e+07,0,
5.2918e+07,0,
5.2928e+07,17,
5.2938e+07,17,
5.2949e+07,0,
5.2959e+07,17,
5.2969e+07,0,
5.2979e+07,17,
5.2989e+07,0,
5.3072e+07,0,
5.3082e+07,17,
5.3092e+07,17,
5.3102e+07,17,
5.3112e+07,17,
5.3122e+07,17,
5.3132e+07,0,
5.3142e+07,17,
5.3152e+07,0,
5.3162e+07,0,
5.3274e+07,17,
5.3284e+07,0,
5.3294e+07,0,
5.3304e+07,17,
5.3314e+07,0,
5.3324e+07,0,
5.3334e+07,17,
5.3344e+07,17,
5.3354e+07,0,
5.3364e+07,17,
5.3462e+07,17,
5.3472e+07,17,
5.3482e+07,0,
5.3492e+07,17,
5.3502e+07,0,
5.3512e+07,17,
5.3522e+07,0,
5.3532e+07,0,
5.3542e+07,0,
5.3552e+07,0,
5.3652e+07,17,
5.3662e+07,17,
5.3672e+07,0,
5.3682e+07,0,
5.3692e+07,0,
5.3702e+07,0,
5.3712e+07,0,
5.3722e+07,0,
5.3732e+07,0,
5.3742e+07,17,
5.3854e+07,0,
5.3864e+07,0,
5.3875e+07,0,
5.3885e+07,17,
5.3895e+07,0,
5.3905e+07,0,
5.3915e+07,17,
5.3925e+07,0,
5.3935e+07,17,
5.3945e+07,17,
5.4e+07,17,
5.401e+07,0,
5.402e+07,0,
5.403e+07,0,
5.404e+07,0,
5.405e+07,17,
5.406e+07,0,
5.407e+07,0,
5.408e+07,0,
5.409e+07,0,
5.4209e+07,0,
5.4219e+07,17,
5.4229e+07,0,
5.4239e+07,0,
5.4249e+07,0,
5.4259e+07,17,
5.4269e+07,0,
5.4279e+07,0,
5.4289e+07,17,
5.4299e+07,0,
5.4355e+07,0,
5.4365e+07,0,
5.4375e+07,0,
5.4385e+07,17,
5.4395e+07,17,
5.4405e+07,0,
5.4415e+07,0,
5.4425e+07,0,
5.4435e+07,0,
5.4445e+07,0,
5.4543e+07,0,
5.4553e+07,17,
5.4563e+07,0,
5.4573e+07,0,
5.4583e+07,17,
5.4593e+07,0,
5.4603e+07,0,
5.4613e+07,0,
5.4623e+07,17,
5.4633e+07,0,
5.4732e+07,17,
5.4742e+07,0,
5.4752e+07,17,
5.4762e+07,17,
5.4772e+07,0,
5.4782e+07,17,
5.4792e+07,17,
5.4802e+07,0,
5.4812e+07,0,
5.4822e+07,0,
5.4921e+07,0,
5.4931e+07,17,
5.4941e+07,0,
5.4951e+07,0,
5.4961e+07,0,
5.4971e+07,0,
5.4981e+07,0,
5.4991e+07,0,
5.5001e+07,17,
5.5011e+07,17,
5.5108e+07,0,
5.5118e+07,0,
5.5128e+07,0,
5.5138e+07,0,
5.5148e+07,0,
5.5158e+07,0,
5.5168e+07,17,
5.5178e+07,17,
5.5188e+07,0,
5.5198e+07,17,
5.5306e+07,0,
5.5316e+07,17,
5.5326e+07,0,
5.5336e+07,0,
5.5347e+07,0,
5.5357e+07,0,
5.5367e+07,0,
5.5377e+07,0,
5.5387e+07,0,
5.5397e+07,0,
5.5486e+07,0,
5.5496e+07,17,
5.5506e+07,17,
5.5516e+07,17,
5.5526e+07,0,
5.5536e+07,0,
5.5546e+07,0,
5.5556e+07,0,
5.5567e+07,0,
5.5577e+07,0,
5.566e+07,0,
5.567e+07,0,
5.568e+07,17,
5.569e+07,0,
5.57e+07,17,
5.571e+07,17,
5.572e+07,17,
5.573e+07,0,
5.574e+07,17,
5.575e+07,17,
5.5862e+07,0,
5.5872e+07,0,
5.5882e+07,0,
5.5892e+07,0,
5.5902e+07,0,
5.5913e+07,0,
5.5923e+07,17,
5.5933e+07,17,
5.5943e+07,0,
5.5953e+07,0,
5.6029e+07,17,
5.6039e+07,0,
5.6049e+07,0,
5.6059e+07,0,
5.6069e+07,17,
5.6079e+07,17,
5.609e+07,0,
5.61e+07,17,
5.611e+07,0,
5.612e+07,0,
5.6218e+07,0,
5.6228e+07,17,
5.6238e+07,17,
5.6248e+07,0,
5.6258e+07,17,
0,17,
10000,0,
20000,0,
30000,17,
40000,0,
50000,17,
60000,0,
70000,0,
80000,0,
90000,17,
165000,0,
175000,0,
185000,0,
195000,0,
205000,0,
215000,17,
225000,0,
235000,0,
245000,0,
255000,0,
354000,17,
364000,0,
374000,0,
384000,17,
394000,0,
404000,0,
414000,0,
424000,17,
434000,17,
444000,0,
535000,17,
545000,0,
555000,0,
565000,17,
575000,17,
585000,17,
595000,0,
605000,0,
615000,0,
625000,0,
730000,0,
740000,0,
750000,17,
760000,17,
770000,0,
780000,0,
790000,0,
800000,0,
810000,0,
820000,17,
905000,0,
915000,0,
925000,0,
935000,17,
945000,0,
955000,0,
965000,17,
975000,17,
985000,0,
995000,0,
1.079e+06,0,
1.089e+06,0,
1.099e+06,17,
1.109e+06,17,
1.119e+06,0,
1.129e+06,0,
1.139e+06,0,
1.149e+06,0,
1.159e+06,0,
1.169e+06,17,
1.275e+06,0,
1.285e+06,0,
1.295e+06,0,
1.305e+06,0,
1.315e+06,0,
1.325e+06,17,
1.335e+06,0,
1.345e+06,17,
1.355e+06,0,
1.365e+06,0,
1.484e+06,17,
1.494e+06,0,
1.504e+06,0,
1.514e+06,0,
1.524e+06,17,
1.534e+06,0,
1.544e+06,0,
1.554e+06,0,
1.564e+06,0,
1.574e+06,17,
1.658e+06,17,
1.668e+06,0,
1.678e+06,17,
1.688e+06,17,
1.698e+06,0,
1.708e+06,0,
1.718e+06,17,
1.728e+06,0,
1.738e+06,0,
1.748e+06,17,
1.833e+06,0,
1.843e+06,17,
1.853e+06,0,
1.863e+06,0,
1.873e+06,17,
1.883e+06,0,
1.893e+06,0,
1.903e+06,0,
1.913e+06,17,
1.923e+06,0,
2.028e+06,0,
2.038e+06,17,
2.048e+06,0,
2.058e+06,17,
2.068e+06,0,
2.078e+06,0,
2.088e+06,0,
2.098e+06,0,
2.108e+06,0,
2.118e+06,0,
2.217e+06,17,
2.227e+06,17,
2.237e+06,0,
2.247e+06,0,
2.257e+06,17,
2.267e+06,0,
2.277e+06,0,
2.287e+06,0,
2.297e+06,17,
2.307e+06,0,
2.398e+06,0,
2.408e+06,17,
2.418e+06,0,
2.428e+06,17,
2.438e+06,0,
2.448e+06,17,
2.458e+06,0,
2.468e+06,17,
2.478e+06,17,
2.488e+06,0,
2.566e+06,0,
2.576e+06,17,
2.586e+06,0,
2.596e+06,17,
2.606e+06,0,
2.616e+06,0,
2.626e+06,17,
2.636e+06,0,
2.646e+06,17,
2.656e+06,0,
2.739e+06,17,
2.749e+06,0,
2.759e+06,0,
2.769e+06,0,
2.779e+06,0,
2.789e+06,0,
2.799e+06,0,
2.809e+06,0,
2.819e+06,17,
2.829e+06,0,
2.927e+06,17,
2.937e+06,17,
2.947e+06,0,
2.957e+06,0,
2.967e+06,0,
2.977e+06,17,
2.987e+06,0,
2.997e+06,0,
3.007e+06,0,
3.017e+06,17,
3.116e+06,0,
3.126e+06,0,
3.136e+06,0,
3.146e+06,0,
3.156e+06,0,
3.166e+06,0,
3.176e+06,17,
3.186e+06,0,
3.196e+06,17,
3.206e+06,17,
3.311e+06,17,
3.321e+06,0,
3.331e+06,17,
3.341e+06,17,
3.351e+06,0,
3.361e+06,17,
3.371e+06,0,
3.381e+06,0,
3.391e+06,0,
3.401e+06,0,
3.493e+06,0,
3.503e+06,17,
3.513e+06,0,
3.523e+06,0,
3.533e+06,0,
3.543e+06,17,
3.553e+06,17,
3.563e+06,0,
3.573e+06,17,
3.583e+06,17,
3.695e+06,0,
3.706e+06,17,
3.716e+06,0,
3.726e+06,0,
3.736e+06,0,
3.746e+06,17,
3.756e+06,17,
3.766e+06,17,
3.776e+06,0,
3.786e+06,17,
3.864e+06,0,
3.874e+06,0,
3.884e+06,0,
3.894e+06,0,
3.904e+06,0,
3.914e+06,0,
3.924e+06,0,
3.934e+06,17,
3.944e+06,0,
3.954e+06,17,
4.051e+06,17,
4.061e+06,0,
4.071e+06,0,
4.081e+06,17,
4.091e+06,0,
4.101e+06,17,
4.111e+06,0,
4.121e+06,0,
4.131e+06,0,
4.142e+06,17,
4.225e+06,0,
4.235e+06,0,
4.245e+06,0,
4.255e+06,0,
4.265e+06,0,
4.275e+06,0,
4.285e+06,0,
4.295e+06,0,
4.305e+06,17,
4.315e+06,0,
4.399e+06,0,
4.409e+06,0,
4.419e+06,0,
4.429e+06,0,
4.439e+06,17,
4.449e+06,17,
4.459e+06,0,
4.469e+06,0,
4.479e+06,17,
4.489e+06,17,
4.573e+06,0,
4.583e+06,0,
4.593e+06,0,
4.603e+06,17,
4.613e+06,0,
4.623e+06,0,
4.633e+06,17,
4.643e+06,0,
4.653e+06,17,
4.663e+06,0,
4.755e+06,17,
4.765e+06,17,
4.775e+06,0,
4.785e+06,0,
4.795e+06,17,
4.805e+06,17,
4.815e+06,0,
4.825e+06,0,
4.835e+06,0,
4.845e+06,0,
4.951e+06,0,
4.961e+06,17,
4.971e+06,17,
4.981e+06,0,
4.991e+06,17,
5.001e+06,17,
5.011e+06,0,
5.021e+06,17,
5.031e+06,0,
5.041e+06,17,
5.125e+06,0,
5.135e+06,0,
5.145e+06,0,
5.155e+06,17,
5.165e+06,0,
5.175e+06,17,
5.185e+06,0,
5.195e+06,0,
5.205e+06,0,
5.215e+06,0,
5.327e+06,0,
5.337e+06,0,
5.347e+06,0,
5.357e+06,0,
5.367e+06,0,
5.377e+06,17,
5.387e+06,17,
5.397e+06,17,
5.407e+06,17,
5.417e+06,0,
5.516e+06,0,
5.526e+06,0,
5.536e+06,17,
5.546e+06,0,
5.556e+06,0,
5.566e+06,0,
5.576e+06,0,
5.586e+06,17,
5.596e+06,0,
5.606e+06,0,
5.676e+06,0,
5.686e+06,17,
5.696e+06,0,
5.706e+06,17,
5.716e+06,17,
5.726e+06,0,
5.736e+06,0,
5.746e+06,0,
5.756e+06,0,
5.766e+06,17,
5.878e+06,0,
5.888e+06,0,
5.898e+06,17,
5.908e+06,17,
5.918e+06,17,
5.928e+06,0,
5.938e+06,0,
5.948e+06,0,
5.958e+06,0,
5.968e+06,17,
6.06e+06,0,
6.07e+06,0,
6.08e+06,17,
6.09e+06,0,
6.1e+06,0,
6.11e+06,0,
6.12e+06,17,
6.13e+06,0,
6.14e+06,0,
6.15e+06,17,
6.261e+06,0,
6.271e+06,0,
6.281e+06,0,
6.291e+06,0,
6.301e+06,0,
6.311e+06,0,
6.321e+06,0,
6.331e+06,17,
6.341e+06,0,
6.351e+06,0,
6.436e+06,17,
6.447e+06,17,
6.457e+06,0,
6.467e+06,0,
6.477e+06,0,
6.487e+06,0,
6.497e+06,0,
6.507e+06,17,
6.517e+06,17,
6.527e+06,0,
6.603e+06,0,
6.613e+06,0,
6.623e+06,17,
6.633e+06,0,
6.643e+06,0,
6.653e+06,0,
6.663e+06,17,
6.673e+06,0,
6.683e+06,0,
6.693e+06,0,
6.813e+06,0,
6.823e+06,17,
6.833e+06,17,
6.843e+06,17,
6.853e+06,0,
6.863e+06,17,
6.873e+06,0,
6.883e+06,17,
6.893e+06,0,
6.903e+06,17,
6.988e+06,0,
6.998e+06,0,
7.009e+06,0,
7.019e+06,0,
7.029e+06,0,
7.039e+06,0,
7.049e+06,0,
7.059e+06,0,
7.069e+06,0,
7.079e+06,17,
7.163e+06,17,
7.173e+06,0,
7.183e+06,0,
7.193e+06,0,
7.203e+06,0,
7.213e+06,17,
7.223e+06,0,
7.233e+06,17,
7.243e+06,0,
7.253e+06,17,
7.336e+06,17,
7.346e+06,0,
7.356e+06,0,
7.366e+06,0,
7.376e+06,17,
7.386e+06,0,
7.396e+06,0,
7.406e+06,17,
7.416e+06,0,
7.426e+06,0,
7.54e+06,0,
7.55e+06,17,
7.56e+06,0,
7.57e+06,0,
7.58e+06,17,
7.59e+06,0,
7.6e+06,0,
7.61e+06,0,
7.62e+06,0,
7.63e+06,0,
7.712e+06,0,
7.722e+06,17,
7.732e+06,17,
7.742e+06,17,
7.752e+06,17,
7.762e+06,17,
7.772e+06,0,
7.782e+06,0,
7.792e+06,0,
7.802e+06,0,
7.892e+06,0,
7.902e+06,0,
7.912e+06,17,
7.922e+06,0,
7.932e+06,17,
7.942e+06,0,
7.952e+06,0,
7.962e+06,17,
7.972e+06,0,
7.982e+06,0,
8.074e+06,0,
8.084e+06,17,
8.094e+06,0,
8.104e+06,0,
8.114e+06,0,
8.124e+06,17,
8.134e+06,17,
8.144e+06,0,
8.154e+06,17,
8.164e+06,0,
8.27e+06,17,
8.28e+06,0,
8.29e+06,17,
8.3e+06,0,
8.31e+06,17,
8.32e+06,0,
8.33e+06,0,
8.341e+06,0,
8.351e+06,0,
8.361e+06,17,
8.459e+06,0,
8.469e+06,0,
8.479e+06,0,
8.489e+06,0,
8.499e+06,0,
8.509e+06,17,
8.519e+06,17,
8.529e+06,0,
8.539e+06,17,
8.549e+06,0,
8.618e+06,17,
8.628e+06,0,
8.638e+06,17,
8.648e+06,0,
8.658e+06,0,
8.668e+06,0,
8.678e+06,17,
8.688e+06,17,
8.698e+06,0,
8.708e+06,0,
8.806e+06,17,
8.816e+06,17,
8.826e+06,0,
8.836e+06,0,
8.846e+06,17,
8.856e+06,0,
8.866e+06,0,
8.876e+06,17,
8.886e+06,0,
8.896e+06,17,
8.996e+06,0,
9.006e+06,17,
9.016e+06,17,
9.026e+06,17,
9.036e+06,0,
9.046e+06,0,
9.056e+06,0,
9.066e+06,17,
9.076e+06,17,
9.086e+06,0,
9.17e+06,0,
9.18e+06,0,
9.19e+06,17,
9.2e+06,0,
9.21e+06,17,
9.22e+06,17,
9.23e+06,17,
9.24e+06,17,
9.25e+06,0,
9.26e+06,17,
9.372e+06,0,
9.382e+06,0,
9.392e+06,0,
9.402e+06,0,
9.412e+06,17,
9.422e+06,0,
9.432e+06,0,
9.442e+06,17,
9.452e+06,0,
9.462e+06,17,
9.553e+06,0,
9.563e+06,0,
9.573e+06,17,
9.583e+06,0,
9.593e+06,0,
9.603e+06,0,
9.613e+06,17,
9.623e+06,17,
9.633e+06,17,
9.643e+06,17,
9.727e+06,17,
9.737e+06,0,
9.747e+06,0,
9.757e+06,0,
9.767e+06,17,
9.777e+06,0,
9.787e+06,0,
9.797e+06,0,
9.807e+06,17,
9.817e+06,17,
9.937e+06,0,
9.947e+06,17,
9.957e+06,0,
9.967e+06,17,
9.977e+06,17,
9.987e+06,0,
9.997e+06,0,
1.0007e+07,17,
1.0017e+07,17,
1.0027e+07,0,
1.0076e+07,0,
1.0086e+07,17,
1.0096e+07,0,
1.0106e+07,0,
1.0116e+07,0,
1.0126e+07,0,
1.0136e+07,0,
1.0146e+07,0,
1.0156e+07,0,
1.0166e+07,0,
1.0265e+07,0,
1.0275e+07,17,
1.0285e+07,17,
1.0295e+07,0,
1.0305e+07,17,
1.0315e+07,0,
1.0325e+07,17,
1.0335e+07,0,
1.0345e+07,0,
1.0355e+07,0,
1.0452e+07,0,
1.0462e+07,17,
1.0472e+07,0,
1.0482e+07,17,
1.0492e+07,17,
1.0502e+07,17,
1.0512e+07,0,
1.0522e+07,0,
1.0532e+07,17,
1.0542e+07,17,
1.064e+07,0,
1.065e+07,0,
1.066e+07,17,
1.067e+07,0,
1.068e+07,17,
1.069e+07,0,
1.07e+07,17,
1.071e+07,0,
1.072e+07,0,
1.073e+07,0,
1.0829e+07,0,
1.0839e+07,17,
1.0849e+07,0,
1.0859e+07,0,
1.0869e+07,0,
1.0879e+07,0,
1.0889e+07,17,
1.0899e+07,0,
1.0909e+07,0,
1.0919e+07,0,
1.1004e+07,17,
1.1014e+07,17,
1.1024e+07,0,
1.1034e+07,17,
1.1044e+07,17,
1.1054e+07,0,
1.1064e+07,17,
1.1074e+07,17,
1.1084e+07,0,
1.1094e+07,17,
1.1235e+07,0,
1.1245e+07,0,
1.1255e+07,0,
1.1265e+07,17,
1.1275e+07,0,
1.1285e+07,17,
1.1295e+07,0,
1.1305e+07,0,
1.1315e+07,17,
1.1325e+07,17,
1.1374e+07,0,
1.1384e+07,0,
1.1394e+07,17,
1.1404e+07,17,
1.1414e+07,17,
1.1424e+07,0,
1.1434e+07,17,
1.1444e+07,0,
1.1454e+07,0,
1.1464e+07,0,
1.1562e+07,17,
1.1572e+07,17,
1.1582e+07,0,
1.1592e+07,17,
1.1603e+07,17,
1.1613e+07,17,
1.1623e+07,17,
1.1633e+07,0,
1.1643e+07,0,
1.1653e+07,0,
1.1749e+07,0,
1.1759e+07,0,
1.1769e+07,17,
1.1779e+07,0,
1.1789e+07,0,
1.1799e+07,0,
1.1809e+07,0,
1.1819e+07,0,
1.1829e+07,17,
1.1839e+07,0,
1.1939e+07,0,
1.195e+07,0,
1.196e+07,0,
1.197e+07,17,
1.198e+07,0,
1.199e+07,0,
1.2e+07,0,
1.201e+07,17,
1.202e+07,0,
1.203e+07,0,
1.2105e+07,0,
1.2115e+07,17,
1.2125e+07,0,
1.2135e+07,17,
1.2145e+07,0,
1.2155e+07,0,
1.2165e+07,0,
1.2175e+07,0,
1.2185e+07,0,
1.2195e+07,17,
1.2315e+07,0,
1.2325e+07,17,
1.2335e+07,0,
1.2345e+07,0,
1.2355e+07,0,
1.2365e+07,17,
1.2375e+07,0,
1.2385e+07,0,
1.2395e+07,0,
1.2405e+07,0,
1.2482e+07,17,
1.2492e+07,17,
1.2502e+07,17,
1.2512e+07,0,
1.2522e+07,0,
1.2532e+07,17,
1.2542e+07,0,
1.2552e+07,17,
1.2562e+07,17,
1.2572e+07,0,
1.2663e+07,0,
1.2673e+07,17,
1.2683e+07,17,
1.2693e+07,17,
1.2703e+07,17,
1.2713e+07,17,
1.2723e+07,0,
1.2734e+07,0,
1.2744e+07,0,
1.2754e+07,17,
1.2848e+07,17,
1.2858e+07,0,
1.2868e+07,0,
1.2878e+07,17,
1.2888e+07,17,
1.2898e+07,17,
1.2908e+07,0,
1.2918e+07,17,
1.2928e+07,0,
1.2938e+07,0,
1.3041e+07,0,
1.3051e+07,0,
1.3061e+07,17,
1.3071e+07,17,
1.3081e+07,17,
1.3091e+07,0,
1.3101e+07,17,
1.3111e+07,17,
1.3121e+07,17,
1.3131e+07,0,
1.3208e+07,17,
1.3218e+07,17,
1.3228e+07,0,
1.3238e+07,0,
1.3248e+07,0,
1.3258e+07,0,
1.3268e+07,17,
1.3278e+07,0,
1.3288e+07,17,
1.3298e+07,17,
1.3396e+07,0,
1.3406e+07,0,
1.3416e+07,0,
1.3426e+07,17,
1.3436e+07,0,
1.3446e+07,0,
1.3456e+07,17,
1.3466e+07,0,
1.3476e+07,0,
1.3486e+07,0,
1.36e+07,0,
1.361e+07,17,
1.362e+07,0,
1.363e+07,17,
1.364e+07,17,
1.365e+07,0,
1.366e+07,0,
1.367e+07,0,
1.368e+07,0,
1.369e+07,0,
1.3774e+07,0,
1.3784e+07,0,
1.3794e+07,17,
1.3804e+07,0,
1.3814e+07,17,
1.3824e+07,17,
1.3834e+07,0,
1.3844e+07,0,
1.3854e+07,0,
1.3864e+07,0,
1.3954e+07,0,
1.3964e+07,17,
1.3974e+07,0,
1.3984e+07,17,
1.3994e+07,0,
1.4004e+07,0,
1.4014e+07,0,
1.4024e+07,17,
1.4034e+07,0,
1.4044e+07,0,
1.415e+07,0,
1.416e+07,0,
1.417e+07,0,
1.4181e+07,0,
1.4191e+07,0,
1.4201e+07,0,
1.4211e+07,0,
1.4221e+07,17,
1.4231e+07,0,
1.4241e+07,0,
1.4317e+07,0,
1.4327e+07,0,
1.4337e+07,0,
1.4347e+07,0,
1.4357e+07,0,
1.4367e+07,0,
1.4377e+07,0,
1.4387e+07,0,
1.4397e+07,0,
1.4407e+07,0,
1.4528e+07,0,
1.4538e+07,17,
1.4548e+07,0,
1.4558e+07,0,
1.4568e+07,0,
1.4578e+07,0,
1.4588e+07,17,
1.4598e+07,17,
1.4608e+07,0,
1.4618e+07,17,
1.4701e+07,0,
1.4711e+07,0,
1.4721e+07,17,
1.4731e+07,0,
1.4741e+07,0,
1.4751e+07,17,
1.4761e+07,0,
1.4771e+07,0,
1.4781e+07,0,
1.4791e+07,17,
1.4877e+07,0,
1.4887e+07,0,
1.4897e+07,17,
1.4907e+07,17,
5.4917e+07,0,
5.4927e+07,0,
5.4937e+07,17,
5.4947e+07,17,
5.4957e+07,0,
5.4967e+07,0,
5.5071e+07,0,
5.5081e+07,0,
5.5091e+07,0,
5.5101e+07,0,
5.5111e+07,17,
5.5122e+07,0,
5.5132e+07,0,
5.5142e+07,17,
5.5152e+07,0,
5.5162e+07,0,
5.523e+07,0,
5.524e+07,17,
5.525e+07,0,
5.526e+07,17,
5.527e+07,0,
5.528e+07,0,
5.529e+07,17,
5.53e+07,0,
5.531e+07,0,
5.532e+07,0,
5.5441e+07,0,
5.5451e+07,17,
5.5461e+07,17,
5.5471e+07,17,
5.5481e+07,0,
5.5491e+07,17,
5.5501e+07,0,
5.5511e+07,0,
5.5521e+07,0,
5.5531e+07,17,
5.5608e+07,0,
5.5618e+07,17,
5.5628e+07,17,
5.5638e+07,0,
5.5648e+07,0,
5.5658e+07,17,
5.5668e+07,0,
5.5678e+07,0,
5.5688e+07,0,
5.5698e+07,0,
5.5782e+07,0,
5.5792e+07,0,
5.5802e+07,0,
5.5812e+07,17,
5.5822e+07,17,
5.5832e+07,17,
5.5842e+07,17,
5.5852e+07,17,
5.5862e+07,17,
5.5872e+07,0,
5.5971e+07,0,
5.5981e+07,0,
5.5991e+07,0,
5.6001e+07,0,
5.6011e+07,17,
5.6021e+07,0,
5.6031e+07,17,
5.6041e+07,0,
5.6051e+07,0,
5.6061e+07,17,
5.6159e+07,0,
5.6169e+07,17,
5.6179e+07,0,
5.6189e+07,17,
5.6199e+07,17,
5.6209e+07,17,
5.6219e+07,0,
5.6229e+07,0,
5.6239e+07,0,
5.6249e+07,0,
5.6354e+07,0,
5.6364e+07,0,
5.6374e+07,17,
5.6384e+07,17,
5.6394e+07,0,
5.6404e+07,0,
5.6414e+07,0,
5.6424e+07,17,
5.6434e+07,0,
5.6444e+07,17,
5.6537e+07,0,
5.6547e+07,0,
5.6557e+07,0,
5.6567e+07,0,
5.6577e+07,0,
5.6587e+07,0,
5.6597e+07,0,
5.6607e+07,17,
5.6617e+07,0,
5.6627e+07,17,
5.6739e+07,0,
5.6749e+07,0,
5.6759e+07,17,
5.6769e+07,17,
5.6779e+07,17,
5.6789e+07,17,
5.6799e+07,0,
5.6809e+07,0,
5.6819e+07,17,
5.6829e+07,0,
5.6905e+07,17,
5.6915e+07,0,
5.6925e+07,0,
5.6935e+07,17,
5.6945e+07,17,
5.6955e+07,0,
5.6965e+07,0,
5.6975e+07,17,
5.6985e+07,0,
5.6995e+07,0,
5.7093e+07,0,
5.7103e+07,0,
5.7113e+07,0,
5.7123e+07,17,
5.7133e+07,17,
5.7143e+07,0,
5.7153e+07,0,
5.7163e+07,0,
5.7173e+07,17,
5.7183e+07,0,
5.7267e+07,0,
5.7277e+07,0,
5.7287e+07,0,
5.7297e+07,0,
5.7307e+07,17,
5.7317e+07,0,
5.7327e+07,0,
5.7337e+07,0,
5.7347e+07,17,
5.7357e+07,0,
5.7441e+07,0,
5.7451e+07,0,
5.7461e+07,0,
5.7471e+07,0,
5.7481e+07,0,
5.7491e+07,0,
5.7501e+07,17,
5.7511e+07,0,
5.7521e+07,0,
5.7531e+07,0,
5.7615e+07,0,
5.7625e+07,0,
5.7635e+07,0,
5.7645e+07,17,
5.7655e+07,0,
5.7665e+07,17,
5.7675e+07,17,
5.7685e+07,0,
5.7695e+07,17,
5.7705e+07,17,
5.7798e+07,0,
5.7808e+07,0,
5.7818e+07,17,
5.7828e+07,0,
5.7838e+07,17,
5.7848e+07,17,
5.7858e+07,0,
5.7868e+07,0,
5.7878e+07,17,
5.7888e+07,17,
5.7993e+07,17,
5.8003e+07,0,
5.8013e+07,0,
5.8023e+07,0,
5.8033e+07,0,
5.8043e+07,0,
5.8053e+07,17,
5.8063e+07,0,
5.8073e+07,17,
5.8083e+07,0,
5.8168e+07,17,
5.8178e+07,0,
5.8188e+07,0,
5.8198e+07,0,
5.8208e+07,0,
5.8218e+07,17,
5.8228e+07,17,
5.8238e+07,0,
5.8248e+07,0,
5.8258e+07,0,
5.837e+07,0,
5.838e+07,0,
5.839e+07,17,
5.84e+07,0,
5.841e+07,0,
5.842e+07,17,
5.843e+07,17,
5.844e+07,0,
5.845e+07,17,
5.846e+07,0,
5.8558e+07,0,
5.8568e+07,0,
5.8578e+07,0,
5.8588e+07,0,
5.8598e+07,17,
5.8608e+07,17,
5.8618e+07,17,
5.8628e+07,0,
5.8638e+07,0,
5.8648e+07,17,
5.8739e+07,0,
5.8749e+07,17,
5.8759e+07,0,
5.8769e+07,0,
5.8779e+07,0,
5.8789e+07,0,
5.8799e+07,17,
5.8809e+07,17,
5.8819e+07,0,
5.8829e+07,17,
5.8921e+07,0,
5.8931e+07,0,
5.8941e+07,0,
5.8951e+07,0,
5.8961e+07,0,
5.8971e+07,0,
5.8981e+07,0,
5.8991e+07,17,
5.9001e+07,0,
5.9011e+07,17,
5.9103e+07,0,
5.9113e+07,17,
5.9123e+07,0,
5.9133e+07,0,
5.9143e+07,0,
5.9153e+07,0,
5.9163e+07,0,
5.9173e+07,0,
5.9183e+07,17,
5.9193e+07,0,
5.9305e+07,0,
5.9315e+07,0,
5.9325e+07,17,
5.9335e+07,0,
5.9345e+07,17,
5.9355e+07,17,
5.9365e+07,17,
5.9375e+07,0,
5.9385e+07,0,
5.9395e+07,0,
5.9451e+07,0,
5.9461e+07,17,
5.9471e+07,17,
5.9481e+07,0,
5.9491e+07,17,
5.9501e+07,0,
5.9512e+07,0,
5.9522e+07,0,
5.9532e+07,0,
5.9542e+07,0,
5.9646e+07,0,
5.9656e+07,0,
5.9666e+07,0,
5.9676e+07,0,
5.9686e+07,0,
5.9696e+07,0,
5.9707e+07,0,
5.9717e+07,0,
5.9727e+07,0,
5.9737e+07,0,
5.9827e+07,17,
5.9837e+07,0,
5.9847e+07,0,
5.9857e+07,17,
5.9867e+07,17,
5.9877e+07,0,
5.9887e+07,0,
5.9897e+07,0,
5.9907e+07,17,
5.9917e+07,0,
6.003e+07,0,
6.004e+07,0,
6.005e+07,0,
6.006e+07,17,
6.007e+07,17,
6.008e+07,17,
6.009e+07,0,
6.01e+07,0,
6.011e+07,0,
6.012e+07,0,
6.0205e+07,0,
6.0215e+07,17,
6.0225e+07,0,
6.0235e+07,0,
6.0245e+07,17,
6.0255e+07,0,
6.0265e+07,0,
6.0275e+07,0,
6.0285e+07,0,
6.0295e+07,17,
6.0378e+07,0,
6.0388e+07,0,
6.0398e+07,17,
6.0408e+07,17,
6.0418e+07,0,
6.0428e+07,17,
6.0438e+07,17,
6.0448e+07,0,
6.0458e+07,0,
6.0468e+07,0,
6.0554e+07,0,
6.0564e+07,0,
6.0574e+07,0,
6.0584e+07,0,
6.0594e+07,0,
6.0604e+07,0,
6.0614e+07,17,
6.0624e+07,17,
6.0634e+07,0,
6.0644e+07,0,
6.0734e+07,0,
6.0744e+07,0,
6.0754e+07,17,
6.0764e+07,0,
6.0774e+07,17,
6.0784e+07,17,
6.0794e+07,0,
6.0804e+07,17,
6.0814e+07,17,
6.0824e+07,0,
6.0937e+07,0,
6.0947e+07,0,
6.0957e+07,0,
6.0967e+07,0,
6.0977e+07,17,
6.0987e+07,0,
6.0997e+07,0,
6.1007e+07,0,
6.1017e+07,0,
6.1028e+07,0,
6.1117e+07,0,
6.1127e+07,0,
6.1137e+07,0,
6.1147e+07,0,
6.1157e+07,0,
6.1167e+07,0,
6.1177e+07,0,
6.1188e+07,17,
6.1198e+07,0,
6.1208e+07,0,
6.1285e+07,0,
6.1296e+07,0,
6.1306e+07,0,
6.1316e+07,0,
6.1326e+07,0,
6.1336e+07,17,
6.1346e+07,0,
6.1356e+07,17,
6.1366e+07,0,
6.1376e+07,0,
6.1503e+07,0,
6.1513e+07,0,
6.1523e+07,0,
6.1533e+07,0,
6.1543e+07,17,
6.1553e+07,17,
6.1563e+07,0,
6.1573e+07,17,
6.1583e+07,0,
6.1593e+07,0,
6.1662e+07,17,
6.1672e+07,0,
6.1682e+07,0,
6.1692e+07,17,
6.1702e+07,0,
6.1712e+07,0,
6.1722e+07,0,
6.1732e+07,17,
6.1742e+07,0,
6.1752e+07,0,
6.1849e+07,0,
6.1859e+07,0,
6.1869e+07,17,
6.1879e+07,0,
6.1889e+07,0,
6.1899e+07,0,
6.1909e+07,0,
6.1919e+07,0,
6.1929e+07,0,
6.1939e+07,17,
6.2039e+07,0,
6.2049e+07,17,
6.2059e+07,0,
6.2069e+07,0,
6.2079e+07,0,
6.2089e+07,0,
6.2099e+07,17,
6.2109e+07,0,
6.2119e+07,0,
6.2129e+07,0,
6.2212e+07,17,
6.2222e+07,0,
6.2232e+07,0,
6.2242e+07,0,
6.2252e+07,0,
6.2262e+07,0,
6.2272e+07,0,
6.2282e+07,0,
6.2292e+07,0,
6.2302e+07,0,
6.2387e+07,0,
6.2397e+07,0,
6.2407e+07,17,
6.2417e+07,0,
6.2427e+07,17,
6.2437e+07,0,
6.2447e+07,17,
6.2457e+07,0,
6.2467e+07,17,
6.2477e+07,17,
6.2596e+07,17,
6.2606e+07,0,
6.2616e+07,17,
6.2626e+07,0,
6.2636e+07,0,
6.2646e+07,17,
6.2656e+07,0,
6.2666e+07,17,
6.2676e+07,0,
6.2686e+07,0,
6.277e+07,0,
6.278e+07,17,
6.279e+07,0,
6.28e+07,0,
6.281e+07,0,
6.2821e+07,0,
6.2831e+07,0,
6.2841e+07,0,
6.2851e+07,0,
6.2861e+07,0,
6.298e+07,0,
6.299e+07,0,
6.3e+07,0,
6.301e+07,0,
6.302e+07,0,
6.303e+07,0,
6.304e+07,17,
6.305e+07,17,
6.306e+07,0,
6.307e+07,0,
6.3119e+07,0,
6.3129e+07,0,
6.3139e+07,0,
6.3149e+07,0,
6.3159e+07,0,
6.3169e+07,17,
6.3179e+07,17,
6.3189e+07,17,
6.3199e+07,0,
6.3209e+07,0,
6.3308e+07,17,
6.3318e+07,17,
6.3328e+07,0,
6.3338e+07,0,
6.3348e+07,0,
6.3358e+07,0,
6.3368e+07,0,
6.3378e+07,0,
6.3388e+07,17,
6.3398e+07,0,
6.3496e+07,0,
6.3506e+07,0,
6.3516e+07,17,
6.3526e+07,0,
6.3536e+07,17,
6.3546e+07,17,
6.3556e+07,17,
6.3566e+07,0,
6.3576e+07,17,
6.3586e+07,17,
6.3683e+07,0,
6.3693e+07,0,
6.3703e+07,0,
6.3713e+07,0,
6.3723e+07,0,
6.3733e+07,0,
6.3743e+07,0,
6.3753e+07,17,
6.3763e+07,0,
6.3773e+07,17,
6.3873e+07,17,
6.3883e+07,0,
6.3893e+07,0,
6.3903e+07,0,
6.3913e+07,17,
6.3923e+07,0,
6.3933e+07,17,
6.3943e+07,0,
6.3953e+07,0,
6.3963e+07,0,
6.4046e+07,0,
6.4056e+07,0,
6.4066e+07,17,
6.4076e+07,0,
6.4086e+07,0,
6.4096e+07,0,
6.4106e+07,0,
6.4116e+07,0,
6.4126e+07,17,
6.4136e+07,0,
6.4251e+07,17,
6.4261e+07,0,
6.4271e+07,17,
6.4281e+07,0,
6.4291e+07,17,
6.4301e+07,0,
6.4311e+07,0,
6.4321e+07,17,
6.4332e+07,17,
6.4342e+07,0,
6.4416e+07,0,
6.4426e+07,0,
6.4436e+07,0,
6.4446e+07,0,
6.4456e+07,0,
6.4466e+07,0,
6.4476e+07,17,
6.4486e+07,0,
6.4496e+07,0,
6.4506e+07,0,
6.4604e+07,17,
6.4614e+07,0,
6.4624e+07,0,
6.4634e+07,17,
6.4644e+07,17,
6.4654e+07,0,
6.4664e+07,0,
6.4674e+07,0,
6.4684e+07,17,
6.4694e+07,0,
6.4794e+07,0,
6.4804e+07,17,
6.4815e+07,17,
6.4825e+07,0,
6.4835e+07,0,
6.4845e+07,0,
6.4855e+07,0,
6.4865e+07,17,
6.4875e+07,0,
6.4885e+07,0,
6.4983e+07,17,
6.4993e+07,0,
6.5003e+07,0,
6.5013e+07,0,
6.5023e+07,0,
6.5033e+07,0,
6.5043e+07,17,
6.5053e+07,17,
6.5063e+07,0,
6.5073e+07,0,
6.5148e+07,0,
6.5158e+07,17,
6.5168e+07,0,
6.5178e+07,0,
6.5188e+07,17,
6.5198e+07,0,
6.5208e+07,0,
6.5218e+07,0,
6.5228e+07,17,
6.5238e+07,0,
6.5329e+07,17,
6.5339e+07,0,
6.5349e+07,0,
6.5359e+07,17,
6.5369e+07,0,
6.5379e+07,0,
6.5389e+07,17,
6.5399e+07,0,
6.5409e+07,0,
6.5419e+07,17,
6.5525e+07,17,
6.5535e+07,0,
6.5545e+07,0,
6.5555e+07,17,
6.5565e+07,0,
6.5575e+07,17,
6.5585e+07,17,
6.5595e+07,0,
6.5605e+07,17,
6.5615e+07,0,
6.5707e+07,0,
6.5717e+07,17,
6.5727e+07,0,
6.5737e+07,17,
6.5747e+07,0,
6.5757e+07,0,
6.5767e+07,0,
6.5777e+07,17,
6.5787e+07,17,
6.5797e+07,0,
6.588e+07,0,
6.589e+07,17,
6.59e+07,0,
6.591e+07,0,
6.592e+07,0,
6.593e+07,17,
6.594e+07,0,
6.595e+07,0,
6.596e+07,0,
6.597e+07,0,
6.6083e+07,0,
6.6093e+07,17,
6.6103e+07,17,
6.6113e+07,0,
6.6123e+07,0,
6.6133e+07,0,
6.6143e+07,0,
6.6153e+07,0,
6.6163e+07,0,
6.6173e+07,17,
6.6251e+07,0,
6.6261e+07,0,
6.6271e+07,0,
6.6281e+07,0,
6.6291e+07,0,
6.6301e+07,0,
6.6312e+07,17,
6.6322e+07,17,
6.6332e+07,0,
6.6342e+07,0,
6.644e+07,17,
6.645e+07,0,
6.646e+07,0,
6.647e+07,17,
6.648e+07,17,
6.649e+07,0,
6.65e+07,0,
6.651e+07,0,
6.652e+07,17,
6.653e+07,0,
6.6621e+07,0,
6.6631e+07,0,
6.6641e+07,0,
6.6651e+07,17,
6.6661e+07,0,
6.6671e+07,17,
6.6681e+07,0,
6.6691e+07,0,
6.6701e+07,0,
6.6711e+07,0,
6.6816e+07,17,
6.6826e+07,0,
6.6836e+07,0,
6.6846e+07,17,
6.6856e+07,17,
6.6866e+07,0,
6.6876e+07,0,
6.6886e+07,17,
6.6896e+07,17,
6.6906e+07,17,
6.699e+07,0,
6.7e+07,0,
6.701e+07,0,
6.702e+07,0,
6.703e+07,17,
6.704e+07,17,
6.705e+07,0,
6.706e+07,0,
6.707e+07,17,
6.708e+07,0,
6.7172e+07,17,
6.7182e+07,17,
6.7192e+07,17,
6.7202e+07,0,
6.7212e+07,17,
6.7222e+07,0,
6.7232e+07,0,
6.7242e+07,0,
6.7252e+07,0,
6.7262e+07,0,
6.736e+07,17,
6.737e+07,0,
6.738e+07,0,
6.739e+07,0,
6.74e+07,17,
6.741e+07,0,
6.742e+07,0,
6.743e+07,17,
6.744e+07,0,
6.745e+07,0,
6.7534e+07,0,
6.7544e+07,0,
6.7554e+07,0,
6.7564e+07,0,
6.7574e+07,0,
6.7584e+07,0,
6.7594e+07,0,
6.7604e+07,0,
6.7614e+07,0,
6.7624e+07,0,
6.7716e+07,17,
6.7726e+07,17,
6.7736e+07,0,
6.7746e+07,0,
6.7756e+07,0,
6.7766e+07,0,
6.7776e+07,0,
6.7786e+07,0,
6.7796e+07,17,
6.7806e+07,17,
6.7919e+07,0,
6.7929e+07,0,
6.7939e+07,0,
6.7949e+07,17,
6.7959e+07,17,
6.7969e+07,17,
6.7979e+07,0,
6.7989e+07,0,
6.7999e+07,17,
6.8009e+07,17,
6.8085e+07,17,
6.8095e+07,17,
6.8105e+07,17,
6.8115e+07,17,
6.8125e+07,17,
6.8135e+07,17,
6.8145e+07,0,
6.8155e+07,17,
6.8165e+07,17,
6.8175e+07,0,
6.8272e+07,0,
6.8282e+07,0,
6.8292e+07,0,
6.8302e+07,0,
6.8312e+07,0,
6.8322e+07,0,
6.8332e+07,0,
6.8342e+07,0,
6.8352e+07,0,
6.8362e+07,0,
6.8447e+07,17,
6.8457e+07,0,
6.8467e+07,17,
6.8477e+07,0,
6.8487e+07,17,
6.8497e+07,0,
6.8507e+07,0,
6.8517e+07,0,
6.8527e+07,0,
6.8537e+07,0,
6.865e+07,17,
6.866e+07,0,
6.867e+07,0,
6.868e+07,0,
6.869e+07,0,
6.87e+07,0,
6.871e+07,0,
6.872e+07,0,
6.873e+07,17,
6.874e+07,17,
6.8824e+07,0,
6.8834e+07,0,
6.8844e+07,0,
6.8854e+07,0,
6.8864e+07,0,
6.8874e+07,0,
6.8884e+07,0,
6.8894e+07,0,
6.8904e+07,0,
6.8914e+07,17,
6.9013e+07,0,
6.9023e+07,17,
6.9033e+07,0,
6.9043e+07,0,
6.9053e+07,0,
6.9063e+07,17,
6.9073e+07,17,
6.9083e+07,17,
6.9093e+07,17,
6.9103e+07,0,
6.9202e+07,0,
6.9212e+07,17,
6.9222e+07,17,
6.9232e+07,0,
6.9242e+07,0,
6.9252e+07,0,
6.9262e+07,0,
6.9272e+07,17,
6.9282e+07,0,
6.9292e+07,0,
6.9398e+07,0,
6.9408e+07,17,
6.9418e+07,0,
6.9428e+07,17,
6.9438e+07,0,
6.9448e+07,0,
6.9458e+07,0,
6.9468e+07,17,
6.9478e+07,0,
6.9488e+07,17,
6.958e+07,0,
6.959e+07,0,
6.96e+07,0,
6.961e+07,0,
6.962e+07,0,
6.963e+07,0,
6.964e+07,0,
6.965e+07,17,
6.966e+07,0,
6.967e+07,0,
6.9782e+07,17,
6.9792e+07,17,
6.9802e+07,17,
6.9812e+07,0,
6.9822e+07,17,
6.9832e+07,0,
6.9842e+07,17,
6.9852e+07,17,
6.9862e+07,0,
6.9872e+07,17,
6.9948e+07,17,
6.9958e+07,17,
6.9968e+07,17,
6.9978e+07,17,
6.9988e+07,0,
6.9998e+07,17,
7.0008e+07,17,
7.0018e+07,0,
7.0028e+07,17,
7.0038e+07,17,
7.0137e+07,17,
7.0147e+07,17,
7.0157e+07,17,
7.0167e+07,0,
7.0177e+07,0,
7.0187e+07,0,
7.0197e+07,17,
7.0207e+07,0,
7.0217e+07,0,
7.0228e+07,0,
7.0312e+07,0,
7.0322e+07,17,
7.0332e+07,0,
7.0342e+07,17,
7.0352e+07,17,
7.0362e+07,0,
7.0372e+07,17,
7.0382e+07,0,
7.0392e+07,0,
7.0402e+07,0,
7.0485e+07,0,
7.0495e+07,0,
7.0505e+07,17,
7.0515e+07,0,
7.0525e+07,0,
7.0535e+07,17,
7.0545e+07,0,
7.0555e+07,17,
7.0565e+07,0,
7.0575e+07,17,
7.0705e+07,0,
7.0715e+07,0,
7.0725e+07,0,
7.0735e+07,0,
7.0745e+07,0,
7.0755e+07,17,
7.0765e+07,0,
7.0775e+07,0,
7.0785e+07,0,
7.0795e+07,17,
7.0856e+07,0,
7.0866e+07,0,
7.0876e+07,17,
7.0886e+07,0,
7.0896e+07,0,
7.0906e+07,17,
7.0916e+07,17,
7.0926e+07,0,
7.0936e+07,17,
7.0946e+07,0,
7.1036e+07,0,
7.1046e+07,17,
7.1056e+07,0,
7.1066e+07,0,
7.1076e+07,17,
7.1086e+07,17,
7.1096e+07,0,
7.1106e+07,0,
7.1116e+07,17,
7.1126e+07,17,
7.1232e+07,0,
7.1242e+07,0,
7.1252e+07,0,
7.1262e+07,0,
7.1272e+07,0,
7.1282e+07,0,
7.1292e+07,0,
7.1302e+07,0,
7.1312e+07,0,
7.1322e+07,0,
7.1413e+07,17,
7.1423e+07,0,
7.1433e+07,0,
7.1443e+07,0,
7.1453e+07,0,
7.1463e+07,0,
7.1473e+07,0,
7.1483e+07,17,
7.1493e+07,17,
7.1503e+07,17,
7.1646e+07,0,
7.1656e+07,0,
7.1666e+07,0,
7.1676e+07,17,
7.1686e+07,17,
7.1696e+07,0,
7.1706e+07,0,
7.1716e+07,0,
7.1726e+07,0,
7.1736e+07,17,
7.1782e+07,0,
7.1792e+07,0,
7.1802e+07,0,
7.1812e+07,0,
7.1822e+07,17,
7.1832e+07,0,
7.1842e+07,17,
7.1852e+07,0,
7.1862e+07,0,
7.1872e+07,0,
7.1964e+07,0,
7.1974e+07,0,
7.1984e+07,0,
7.1994e+07,0,
7.2004e+07,17,
7.2014e+07,17,
7.2024e+07,17,
7.2034e+07,0,
7.2044e+07,17,
7.2054e+07,0,
7.2145e+07,17,
7.2155e+07,17,
7.2165e+07,17,
7.2175e+07,0,
7.2186e+07,0,
7.2196e+07,0,
7.2206e+07,0,
7.2216e+07,0,
7.2226e+07,0,
7.2236e+07,0,
7.2348e+07,0,
7.2358e+07,0,
7.2368e+07,0,
7.2378e+07,0,
7.2388e+07,17,
7.2398e+07,17,
7.2408e+07,0,
7.2418e+07,17,
7.2428e+07,17,
7.2438e+07,0,
7.2522e+07,0,
7.2532e+07,17,
7.2542e+07,17,
7.2552e+07,0,
7.2562e+07,0,
7.2572e+07,17,
7.2582e+07,0,
7.2592e+07,0,
7.2602e+07,0,
7.2612e+07,0,
7.269e+07,0,
7.27e+07,17,
7.271e+07,0,
7.272e+07,0,
7.273e+07,0,
7.274e+07,0,
7.275e+07,0,
7.276e+07,17,
7.277e+07,17,
7.278e+07,0,
7.29e+07,0,
7.291e+07,17,
7.292e+07,17,
7.293e+07,0,
7.294e+07,0,
7.295e+07,0,
7.296e+07,0,
7.297e+07,0,
7.298e+07,0,
7.299e+07,0,
7.3074e+07,17,
7.3084e+07,17,
7.3094e+07,0,
7.3104e+07,17,
7.3114e+07,0,
7.3124e+07,0,
7.3134e+07,0,
7.3144e+07,17,
7.3154e+07,0,
7.3164e+07,0,
7.3248e+07,0,
7.3259e+07,17,
7.3269e+07,0,
7.3279e+07,0,
7.3289e+07,0,
7.3299e+07,17,
7.3309e+07,0,
7.3319e+07,0,
7.3329e+07,0,
7.3339e+07,0,
7.3464e+07,0,
7.3474e+07,0,
7.3484e+07,0,
7.3494e+07,0,
7.3504e+07,0,
7.3514e+07,17,
7.3524e+07,0,
7.3534e+07,0,
7.3544e+07,0,
7.3554e+07,0,
7.3625e+07,0,
7.3635e+07,17,
7.3645e+07,0,
7.3655e+07,17,
7.3665e+07,17,
7.3675e+07,0,
7.3685e+07,17,
7.3695e+07,17,
7.3705e+07,17,
7.3715e+07,0,
7.3799e+07,0,
7.3809e+07,0,
7.3819e+07,17,
7.3829e+07,0,
7.384e+07,0,
7.385e+07,0,
7.386e+07,0,
7.387e+07,0,
7.388e+07,0,
7.389e+07,0,
7.3979e+07,17,
7.3989e+07,0,
7.3999e+07,0,
7.4009e+07,0,
7.4019e+07,0,
7.4029e+07,0,
7.4039e+07,17,
7.4049e+07,17,
7.4059e+07,17,
7.4069e+07,17,
7.4212e+07,17,
7.4222e+07,0,
7.4232e+07,0,
7.4242e+07,0,
7.4252e+07,0,
7.4262e+07,17,
7.4272e+07,17,
7.4282e+07,0,
7.4292e+07,0,
7.4302e+07,17,
7.4357e+07,0,
7.4367e+07,0,
7.4377e+07,0,
7.4387e+07,0,
7.4397e+07,17,
7.4407e+07,0,
7.4417e+07,0,
7.4427e+07,0,
7.4437e+07,0,
7.4447e+07,0,
7.4553e+07,0,
7.4563e+07,17,
7.4573e+07,17,
7.4583e+07,17,
7.4593e+07,0,
7.4603e+07,0,
7.4613e+07,0,
7.4623e+07,0,
7.4633e+07,0,
7.4643e+07,0,
7.4733e+07,0,
7.4743e+07,0,
7.4753e+07,0,
7.4763e+07,17,
7.4773e+07,0,
7.4783e+07,0,
7.4793e+07,0,
7.4803e+07,0,
7.4813e+07,0,
7.4823e+07,0,
7.4936e+07,17,
7.4946e+07,17,
7.4956e+07,0,
7.4966e+07,0,
7.4976e+07,17,
7.4986e+07,0,
7.4996e+07,17,
7.5006e+07,0,
7.5016e+07,0,
7.5026e+07,17,
7.5081e+07,17,
7.5091e+07,0,
7.5101e+07,0,
7.5111e+07,17,
7.5121e+07,0,
7.5131e+07,17,
7.5141e+07,0,
7.5151e+07,17,
7.5161e+07,17,
7.5171e+07,0,
7.5285e+07,0,
7.5295e+07,17,
7.5305e+07,17,
7.5315e+07,17,
7.5325e+07,0,
7.5335e+07,0,
7.5345e+07,0,
7.5355e+07,0,
7.5365e+07,17,
7.5375e+07,0,
7.5458e+07,0,
7.5468e+07,0,
7.5478e+07,0,
7.5488e+07,0,
7.5498e+07,17,
7.5508e+07,0,
7.5518e+07,0,
7.5528e+07,17,
7.5538e+07,0,
7.5548e+07,0,
7.564e+07,17,
7.565e+07,0,
7.566e+07,0,
7.567e+07,17,
7.568e+07,0,
7.569e+07,17,
7.57e+07,17,
7.571e+07,0,
7.572e+07,17,
7.573e+07,0,
7.5813e+07,0,
7.5823e+07,17,
7.5833e+07,0,
7.5843e+07,17,
7.5853e+07,0,
7.5863e+07,0,
7.5873e+07,17,
7.5883e+07,0,
7.5893e+07,17,
7.5903e+07,0,
7.6025e+07,17,
7.6035e+07,17,
7.6045e+07,0,
7.6055e+07,0,
7.6065e+07,0,
7.6075e+07,17,
7.6085e+07,17,
7.6095e+07,0,
7.6105e+07,17,
7.6115e+07,17,
7.6191e+07,17,
7.6201e+07,0,
7.6211e+07,0,
7.6221e+07,0,
7.6231e+07,0,
7.6241e+07,0,
7.6251e+07,0,
7.6261e+07,0,
7.6271e+07,0,
7.6281e+07,17,
7.6409e+07,17,
7.6419e+07,0,
7.6429e+07,0,
7.6439e+07,0,
7.6449e+07,0,
7.6459e+07,0,
7.6469e+07,0,
7.6479e+07,0,
7.6489e+07,17,
7.6499e+07,0,
7.6567e+07,0,
7.6577e+07,0,
7.6587e+07,0,
7.6597e+07,0,
7.6607e+07,17,
7.6617e+07,0,
7.6627e+07,17,
7.6637e+07,0,
7.6647e+07,0,
7.6657e+07,17,
7.6758e+07,0,
7.6768e+07,0,
7.6778e+07,0,
7.6788e+07,0,
7.6798e+07,17,
7.6808e+07,0,
7.6818e+07,0,
7.6828e+07,17,
7.6838e+07,17,
7.6848e+07,0,
7.6945e+07,0,
7.6955e+07,0,
7.6965e+07,0,
7.6975e+07,17,
7.6985e+07,0,
7.6995e+07,0,
7.7005e+07,0,
7.7015e+07,0,
7.7025e+07,0,
7.7035e+07,17,
7.7118e+07,0,
7.7128e+07,0,
7.7138e+07,17,
7.7148e+07,17,
7.7158e+07,0,
7.7168e+07,0,
7.7178e+07,0,
7.7188e+07,0,
7.7198e+07,0,
7.7208e+07,0,
7.7294e+07,17,
7.7304e+07,17,
7.7314e+07,17,
7.7324e+07,0,
7.7334e+07,0,
7.7344e+07,17,
7.7354e+07,0,
7.7364e+07,0,
7.7374e+07,0,
7.7384e+07,0,
7.7503e+07,17,
7.7513e+07,17,
7.7523e+07,17,
7.7533e+07,17,
7.7543e+07,17,
7.7553e+07,0,
7.7563e+07,0,
7.7573e+07,0,
7.7583e+07,0,
7.7593e+07,17,
7.7677e+07,17,
7.7687e+07,0,
7.7697e+07,0,
7.7707e+07,0,
7.7717e+07,17,
7.7727e+07,17,
7.7737e+07,17,
7.7747e+07,17,
7.7757e+07,17,
7.7767e+07,17,
7.7888e+07,0,
7.7898e+07,17,
7.7908e+07,17,
7.7918e+07,17,
7.7928e+07,0,
7.7938e+07,17,
7.7948e+07,0,
7.7958e+07,0,
7.7968e+07,17,
7.7978e+07,0,
7.8054e+07,17,
7.8064e+07,0,
7.8074e+07,0,
7.8084e+07,17,
7.8094e+07,17,
7.8104e+07,17,
7.8114e+07,0,
7.8124e+07,0,
7.8134e+07,17,
7.8144e+07,0,
7.8214e+07,17,
7.8224e+07,0,
7.8234e+07,0,
7.8244e+07,17,
7.8254e+07,17,
7.8264e+07,17,
7.8274e+07,0,
7.8284e+07,0,
7.8294e+07,17,
7.8304e+07,17,
7.8401e+07,17,
7.8411e+07,17,
7.8421e+07,17,
7.8431e+07,17,
7.8441e+07,0,
7.8451e+07,17,
7.8461e+07,0,
7.8471e+07,0,
7.8481e+07,0,
7.8491e+07,0,
7.859e+07,0,
7.86e+07,17,
7.861e+07,0,
7.862e+07,17,
7.863e+07,0,
7.864e+07,0,
7.865e+07,17,
7.866e+07,17,
7.867e+07,17,
7.868e+07,0,
7.8778e+07,17,
7.8788e+07,0,
7.8798e+07,17,
7.8808e+07,17,
7.8818e+07,0,
7.8829e+07,0,
7.8839e+07,17,
7.8849e+07,0,
7.8859e+07,17,
7.8869e+07,17,
7.8981e+07,0,
7.8991e+07,0,
7.9001e+07,0,
7.9011e+07,17,
7.9021e+07,17,
7.9031e+07,17,
7.9041e+07,17,
7.9051e+07,17,
7.9061e+07,17,
7.9071e+07,0,
7.9155e+07,0,
7.9165e+07,17,
7.9175e+07,17,
7.9185e+07,17,
7.9195e+07,0,
7.9205e+07,0,
7.9215e+07,0,
7.9225e+07,0,
7.9235e+07,17,
7.9245e+07,0,
7.9368e+07,17,
7.9378e+07,17,
7.9388e+07,0,
7.9398e+07,17,
7.9408e+07,0,
7.9418e+07,0,
7.9428e+07,17,
7.9438e+07,17,
7.9448e+07,17,
7.9458e+07,17,
7.951e+07,17,
7.952e+07,0,
7.953e+07,0,
7.954e+07,0,
7.955e+07,0,
7.956e+07,0,
7.957e+07,0,
7.958e+07,0,
7.959e+07,0,
7.96e+07,0,
7.97e+07,17,
7.971e+07,17,
7.972e+07,0,
7.973e+07,0,
7.974e+07,17,
7.975e+07,17,
7.976e+07,17,
7.977e+07,17,
7.978e+07,17,
7.979e+07,0,
7.9888e+07,0,
7.9898e+07,0,
7.9908e+07,17,
7.9918e+07,17,
7.9928e+07,0,
7.9938e+07,0,
7.9948e+07,17,
7.9958e+07,0,
7.9968e+07,17,
7.9978e+07,0,
8.0063e+07,17,
8.0073e+07,0,
8.0083e+07,17,
8.0093e+07,17,
8.0103e+07,17,
8.0113e+07,0,
8.0123e+07,0,
8.0133e+07,0,
8.0143e+07,0,
8.0153e+07,0,
8.0273e+07,0,
8.0283e+07,17,
8.0293e+07,0,
8.0303e+07,0,
8.0313e+07,17,
8.0323e+07,17,
8.0333e+07,17,
8.0343e+07,0,
8.0353e+07,0,
8.0363e+07,0,
8.0433e+07,17,
8.0443e+07,0,
8.0453e+07,0,
8.0463e+07,17,
8.0473e+07,0,
8.0483e+07,0,
8.0493e+07,0,
8.0503e+07,0,
8.0513e+07,0,
8.0523e+07,17,
8.0614e+07,17,
8.0624e+07,0,
8.0634e+07,0,
8.0644e+07,0,
8.0654e+07,0,
8.0664e+07,0,
8.0674e+07,17,
8.0684e+07,0,
8.0694e+07,17,
8.0704e+07,0,
8.0816e+07,0,
8.0826e+07,0,
8.0836e+07,17,
8.0846e+07,0,
8.0856e+07,17,
8.0866e+07,0,
8.0876e+07,17,
8.0886e+07,0,
8.0896e+07,0,
8.0906e+07,0,
8.099e+07,17,
8.1e+07,0,
8.101e+07,0,
8.102e+07,0,
8.103e+07,0,
8.104e+07,0,
8.105e+07,0,
8.106e+07,0,
8.107e+07,0,
8.108e+07,17,
8.1186e+07,0,
8.1196e+07,17,
8.1206e+07,0,
8.1216e+07,0,
8.1226e+07,17,
8.1236e+07,0,
8.1246e+07,0,
8.1256e+07,17,
8.1266e+07,17,
8.1276e+07,17,
8.1374e+07,0,
8.1384e+07,0,
8.1394e+07,17,
8.1404e+07,0,
8.1414e+07,0,
8.1424e+07,17,
8.1434e+07,0,
8.1444e+07,0,
8.1454e+07,17,
8.1464e+07,17,
8.1548e+07,0,
8.1558e+07,0,
8.1568e+07,0,
8.1578e+07,0,
8.1588e+07,17,
8.1598e+07,0,
8.1608e+07,0,
8.1618e+07,17,
8.1628e+07,0,
8.1638e+07,0,
8.1724e+07,17,
8.1734e+07,17,
8.1744e+07,17,
8.1754e+07,17,
8.1764e+07,0,
8.1774e+07,0,
8.1784e+07,0,
8.1794e+07,0,
8.1804e+07,0,
8.1814e+07,0,
8.1903e+07,17,
8.1913e+07,17,
8.1923e+07,0,
8.1933e+07,0,
8.1943e+07,17,
8.1953e+07,0,
8.1963e+07,17,
8.1973e+07,17,
8.1983e+07,0,
8.1993e+07,0,
8.21e+07,0,
8.211e+07,0,
8.212e+07,17,
8.213e+07,0,
8.214e+07,17,
8.215e+07,0,
8.216e+07,0,
8.217e+07,0,
8.218e+07,0,
8.219e+07,17,
8.2295e+07,17,
8.2305e+07,0,
8.2315e+07,0,
8.2325e+07,17,
8.2335e+07,0,
8.2345e+07,0,
8.2355e+07,17,
8.2365e+07,17,
8.2375e+07,0,
8.2385e+07,0,
8.2477e+07,0,
8.2487e+07,17,
8.2497e+07,0,
8.2507e+07,0,
8.2517e+07,0,
8.2527e+07,17,
8.2537e+07,17,
8.2547e+07,0,
8.2557e+07,17,
8.2567e+07,17,
8.2652e+07,0,
8.2662e+07,0,
8.2672e+07,0,
8.2682e+07,17,
8.2692e+07,0,
8.2702e+07,0,
8.2712e+07,0,
8.2722e+07,0,
8.2732e+07,17,
8.2742e+07,0,
8.2825e+07,0,
8.2835e+07,0,
8.2845e+07,0,
8.2855e+07,0,
8.2865e+07,17,
8.2875e+07,0,
8.2885e+07,17,
8.2895e+07,0,
8.2905e+07,0,
8.2915e+07,17,
8.3021e+07,17,
8.3031e+07,0,
8.3041e+07,17,
8.3051e+07,0,
8.3061e+07,17,
8.3071e+07,0,
8.3081e+07,0,
8.3091e+07,17,
8.3101e+07,0,
8.3111e+07,0,
8.3209e+07,0,
8.3219e+07,0,
8.3229e+07,0,
8.3239e+07,0,
8.3249e+07,0,
8.3259e+07,0,
8.3269e+07,17,
8.3279e+07,0,
8.3289e+07,0,
8.3299e+07,0,
8.3391e+07,0,
8.3401e+07,17,
8.3411e+07,17,
8.3421e+07,0,
8.3431e+07,0,
8.3441e+07,0,
8.3451e+07,0,
8.3461e+07,0,
8.3471e+07,0,
8.3481e+07,17,
8.3594e+07,17,
8.3604e+07,17,
8.3614e+07,0,
8.3624e+07,17,
8.3634e+07,0,
8.3644e+07,0,
8.3654e+07,0,
8.3664e+07,0,
8.3674e+07,0,
8.3684e+07,0,
8.3745e+07,0,
8.3755e+07,17,
8.3765e+07,0,
8.3775e+07,0,
8.3785e+07,0,
8.3795e+07,17,
8.3805e+07,0,
8.3815e+07,17,
8.3825e+07,17,
8.3835e+07,0,
8.3928e+07,0,
8.3938e+07,0,
8.3948e+07,17,
8.3958e+07,17,
8.3968e+07,0,
8.3978e+07,0,
8.3988e+07,0,
8.3998e+07,0,
8.4008e+07,0,
8.4018e+07,17,
8.4159e+07,17,
8.4169e+07,17,
8.4179e+07,17,
8.4189e+07,0,
8.4199e+07,0,
8.4209e+07,17,
8.4219e+07,0,
8.4229e+07,0,
8.4239e+07,0,
8.4249e+07,0,
8.4304e+07,0,
8.4314e+07,0,
8.4324e+07,0,
8.4334e+07,17,
8.4344e+07,0,
8.4354e+07,0,
8.4364e+07,0,
8.4374e+07,17,
8.4385e+07,0,
8.4395e+07,17,
8.4487e+07,0,
8.4497e+07,17,
8.4507e+07,0,
8.4517e+07,0,
8.4527e+07,0,
8.4537e+07,17,
8.4547e+07,0,
8.4557e+07,0,
8.4567e+07,0,
8.4577e+07,0,
8.4689e+07,0,
8.4699e+07,0,
8.4709e+07,17,
8.4719e+07,17,
8.4729e+07,0,
8.4739e+07,0,
8.4749e+07,0,
8.4759e+07,0,
8.4769e+07,17,
8.4779e+07,17,
8.4854e+07,0,
8.4864e+07,17,
8.4874e+07,0,
8.4884e+07,17,
8.4894e+07,17,
8.4904e+07,0,
8.4914e+07,0,
8.4924e+07,0,
8.4934e+07,0,
8.4944e+07,0,
8.5043e+07,0,
8.5053e+07,0,
8.5063e+07,17,
8.5073e+07,0,
8.5083e+07,0,
8.5093e+07,17,
8.5103e+07,0,
8.5113e+07,17,
8.5123e+07,0,
8.5133e+07,17,
8.5218e+07,0,
8.5228e+07,0,
8.5238e+07,0,
8.5248e+07,17,
8.5258e+07,0,
8.5268e+07,0,
8.5278e+07,0,
8.5288e+07,17,
8.5298e+07,17,
8.5308e+07,0,
8.5391e+07,0,
8.5401e+07,0,
8.5411e+07,0,
8.5421e+07,0,
8.5431e+07,17,
8.5441e+07,0,
8.5451e+07,0,
8.5461e+07,0,
8.5471e+07,17,
8.5481e+07,0,
8.5595e+07,0,
8.5605e+07,17,
8.5615e+07,0,
8.5625e+07,0,
8.5635e+07,0,
8.5645e+07,0,
8.5655e+07,0,
8.5665e+07,0,
8.5675e+07,0,
8.5685e+07,0,
8.5754e+07,0,
8.5764e+07,0,
8.5774e+07,0,
8.5784e+07,0,
8.5794e+07,0,
8.5804e+07,0,
8.5814e+07,0,
8.5825e+07,0,
8.5835e+07,0,
8.5845e+07,0,
8.5943e+07,17,
8.5953e+07,17,
8.5963e+07,0,
8.5973e+07,0,
8.5983e+07,0,
8.5993e+07,0,
8.6003e+07,0,
8.6013e+07,17,
8.6023e+07,0,
8.6033e+07,0,
8.6137e+07,0,
8.6147e+07,17,
8.6157e+07,0,
8.6167e+07,0,
8.6177e+07,0,
8.6187e+07,0,
8.6197e+07,0,
8.6207e+07,0,
8.6217e+07,17,
8.6227e+07,0,
8.632e+07,17,
8.633e+07,17,
8.634e+07,0,
8.635e+07,0,
8.636e+07,0,
8.637e+07,17,
8.638e+07,17,
8.639e+07,0,
8.64e+07,17,
8.641e+07,17,
8.6507e+07,0,
8.6517e+07,0,
8.6527e+07,17,
8.6537e+07,17,
8.6547e+07,17,
8.6557e+07,0,
