330645,76.8033,4.2529e-07,89.2758,-6.61029e-08,-5.64464e-11,2.16665e-15,
669944,77.3813,1.70343e-06,87.7258,-4.56831e-06,7.6142e-11,-3.73295e-14,
999841,77.1649,-6.55944e-07,87.6849,-1.24038e-07,-1.191e-10,6.11805e-14,
1.33048e+06,76.7146,-1.36192e-06,88.1974,1.54989e-06,-4.01693e-10,-9.95485e-15,
1.66969e+06,76.6484,-1.95211e-07,88.1385,-1.73425e-07,-4.17977e-11,-9.69577e-15,
1.99966e+06,76.7013,1.60379e-07,87.6617,-1.44517e-06,4.89977e-12,-6.56936e-15,
2.33034e+06,76.6386,-1.89654e-07,87.1514,-1.54313e-06,-4.89409e-10,-5.85501e-14,
2.66962e+06,76.5954,-1.27474e-07,87.056,-2.81241e-07,-2.64622e-12,6.47219e-14,
2.99949e+06,76.5052,-2.73193e-07,86.714,-1.03678e-06,-1.9831e-10,8.95606e-15,
3.33012e+06,76.3093,-5.92774e-07,86.6416,-2.18993e-07,2.03449e-10,-5.64992e-16,
3.66944e+06,76.0647,-7.20654e-07,86.1484,-1.4533e-06,-1.01341e-09,-1.89118e-14,
3.99945e+06,75.8481,-6.56392e-07,86.1693,6.33956e-08,-4.35627e-11,1.23813e-14,
4.32996e+06,75.8498,5.00111e-09,85.929,-7.27041e-07,2.10392e-10,-4.82574e-15,
4.66925e+06,76.0692,6.46836e-07,84.6835,-3.67091e-06,-2.55241e-10,1.21857e-15,
4.99925e+06,75.9864,-2.51123e-07,83.9096,-2.34509e-06,-4.14117e-10,1.18837e-14,
5.32978e+06,76.1759,5.73493e-07,83.8406,-2.08894e-07,1.63198e-11,-9.04469e-15,
5.66904e+06,76.1425,-9.83492e-08,83.5566,-8.37167e-07,2.89794e-10,1.60902e-14,
5.99894e+06,76.5995,1.38522e-06,82.4112,-3.47199e-06,-4.10694e-11,-1.94792e-14,
6.32964e+06,76.416,-5.54926e-07,82.5706,4.82225e-07,-5.31422e-10,1.17241e-15,
6.66882e+06,76.5564,4.138e-07,82.356,-6.32934e-07,-1.3037e-11,-6.48809e-15,
6.99874e+06,76.6229,2.01787e-07,82.3717,4.7657e-08,8.04401e-11,5.06923e-15,
7.32953e+06,76.6866,1.92528e-07,82.3929,6.42998e-08,-1.18702e-11,-4.02014e-15,
7.66866e+06,76.5645,-3.60026e-07,82.3475,-1.34114e-07,-3.23645e-10,2.45794e-15,
7.99862e+06,76.5006,-1.93832e-07,82.4475,3.03271e-07,-2.50862e-11,9.2351e-16,
8.32927e+06,76.1939,-9.27601e-07,82.4927,1.36711e-07,-3.98622e-10,-2.09833e-13,
8.6685e+06,76.0545,-4.10876e-07,82.7836,8.57511e-07,-5.72594e-10,2.06088e-13,
8.9984e+06,76.0236,-9.35407e-08,82.5723,-6.40623e-07,-9.32505e-10,1.96427e-15,
9.32914e+06,75.8943,-3.90924e-07,82.867,8.91031e-07,-4.73063e-11,-1.52323e-14,
9.66831e+06,75.7899,-3.07952e-07,82.9359,2.03294e-07,-2.91001e-10,2.24264e-15,
9.99822e+06,75.4066,-1.16163e-06,83.9105,2.95387e-06,-4.93465e-10,6.26585e-14,
1.5328e+07,86.9383,4.96262e-06,85.371,9.51467e-07,4.5324e-11,-2.62691e-14,
1.56673e+07,89.1467,6.51011e-06,84.5812,-2.32835e-06,-1.57692e-09,-9.17756e-15,
1.59972e+07,90.9238,5.38603e-06,83.7549,-2.5045e-06,-1.14968e-09,3.78856e-14,
1.63279e+07,92.8534,5.83592e-06,82.9339,-2.48295e-06,2.59716e-10,8.90884e-15,
1.66671e+07,95.6053,8.11111e-06,81.8917,-3.07175e-06,-1.04003e-09,4.60606e-15,
1.6997e+07,99.1984,1.08907e-05,79.797,-6.34906e-06,-8.586e-11,5.49405e-16,
1.73277e+07,103.676,1.35408e-05,76.5798,-9.72898e-06,-1.27199e-09,2.53004e-14,
1.76669e+07,106.751,9.06504e-06,74.8974,-4.96022e-06,-4.7043e-11,-2.84307e-14,
1.79969e+07,110.545,1.14996e-05,72.0815,-8.5336e-06,-2.9838e-11,-2.06507e-14,
1.83275e+07,114.204,1.10653e-05,69.7771,-6.96908e-06,-1.2809e-09,2.15903e-14,
1.86667e+07,119.995,1.70733e-05,64.2808,-1.62048e-05,-2.62817e-09,-2.47853e-14,
1.89967e+07,123.961,1.20201e-05,61.7056,-7.80454e-06,-2.88294e-09,-6.43498e-15,
1.93273e+07,127.951,1.20657e-05,57.5426,-1.25897e-05,-2.96837e-09,3.78499e-15,
1.96666e+07,131.804,1.13587e-05,52.2081,-1.5725e-05,-3.2095e-09,-9.35564e-15,
1.99965e+07,136.363,1.38183e-05,46.3492,-1.77585e-05,-7.20688e-09,-4.66868e-14,
2.03272e+07,140.964,1.39122e-05,41.575,-1.4438e-05,-1.10082e-08,1.71787e-14,
2.06664e+07,145.515,1.34165e-05,37.8721,-1.09143e-05,-7.8109e-09,4.70975e-14,
2.09964e+07,148.158,8.0104e-06,36.105,-5.35554e-06,-4.43181e-09,-1.78576e-14,
2.1327e+07,150.049,5.71815e-06,34.9409,-3.521e-06,-5.56273e-09,1.3589e-14,
2.16662e+07,151.269,3.59746e-06,32.265,-7.88855e-06,-4.7957e-09,1.79181e-14,
2.19962e+07,153.16,5.7304e-06,30.8482,-4.29447e-06,-6.36778e-09,1.30704e-15,
2.23269e+07,153.833,2.0347e-06,28.491,-7.12776e-06,-2.47644e-09,5.69211e-16,
2.2666e+07,155.029,3.52665e-06,26.7896,-5.0168e-06,-3.26218e-09,-2.46932e-14,
2.2996e+07,156.991,5.94626e-06,25.5485,-3.76103e-06,-7.34518e-09,-2.5727e-13,
2.33268e+07,158.061,3.23568e-06,25.7755,6.86078e-07,-9.27971e-09,2.49741e-13,
2.36659e+07,160.433,6.99314e-06,24.6041,-3.45423e-06,-1.49211e-08,-3.94092e-14,
2.39959e+07,166.98,1.98419e-05,17.9645,-2.01212e-05,-2.28243e-08,-3.24091e-13,
2.4327e+07,169.179,6.64053e-06,16.3939,-3.45423e-06,-7.71024e-08,3.78436e-13,
2.46657e+07,160.499,-2.5628e-05,9.47032,-2.04413e-05,2.42912e-07,-1.3693e-13,
2.49957e+07,169.829,2.82788e-05,13.6768,-3.45423e-06,-3.23639e-07,1.21853e-14,
2.53263e+07,169.751,-2.35185e-07,17.1397,1.04724e-05,-5.26117e-10,3.63109e-14,
2.56656e+07,169.138,-1.80754e-06,18.0431,2.66265e-06,-3.23481e-09,9.08652e-15,
2.59955e+07,162.343,-2.06004e-05,9.39435,-2.62187e-05,2.05218e-07,-1.93728e-13,
2.63261e+07,162.428,2.57271e-07,9.74076,1.04754e-06,-1.45847e-09,1.75571e-13,
2.66653e+07,162.147,-8.2654e-07,9.92118,5.31965e-07,-7.87845e-09,-1.16451e-13,
2.69953e+07,161.858,-8.77756e-07,9.72154,-6.04976e-07,-1.74663e-08,7.03387e-14,
2.73261e+07,162.112,7.69343e-07,10.0963,1.13298e-06,-2.76496e-08,2.93894e-14,
2.76652e+07,163.238,3.32074e-06,10.1002,1.15234e-08,-5.09652e-09,5.10557e-15,
2.79956e+07,164.707,4.44585e-06,12.6162,7.61425e-06,-4.17639e-09,-2.49103e-14,
2.83258e+07,165.34,1.91698e-06,12.714,2.96212e-07,-3.57873e-08,1.69705e-14,
2.86651e+07,165.678,9.96391e-07,12.6403,-2.17372e-07,-1.74337e-08,5.79577e-14,
2.89949e+07,165.632,-1.39891e-07,12.8855,7.43451e-07,-1.76286e-08,-2.59949e-13,
2.93257e+07,165.542,-2.71371e-07,13.0791,5.85123e-07,-1.65787e-08,2.21181e-13,
2.96648e+07,165.744,5.93005e-07,13.0076,-2.10749e-07,-2.20014e-08,-1.56929e-14,
2.99948e+07,167.319,4.77445e-06,12.6513,-1.07983e-06,-6.34463e-08,-6.23727e-14,
3.03254e+07,167.862,1.64217e-06,13.1699,1.56855e-06,-2.8416e-08,1.06119e-13,
3.06647e+07,175.057,2.12018e-05,25.2277,3.55329e-05,-3.39509e-07,5.62976e-14,
3.09945e+07,175.677,1.88085e-06,23.604,-4.92294e-06,2.0676e-08,1.58093e-15,
3.13253e+07,172.672,-9.08712e-06,25.7903,6.61049e-06,-2.66464e-08,3.55599e-15,
3.16645e+07,172.112,-1.6484e-06,26.4043,1.81005e-06,-1.89724e-08,-1.38857e-13,
3.19945e+07,171.268,-2.56005e-06,27.3355,2.82214e-06,-3.34902e-08,-4.50837e-13,
3.23251e+07,164.13,-2.159e-05,32.1049,1.44254e-05,-2.54642e-07,5.68977e-13,
3.26643e+07,164.58,1.32747e-06,31.8736,-6.8201e-07,-8.18798e-09,-6.64542e-14,
3.29942e+07,164.845,8.03557e-07,31.6205,-7.66985e-07,-1.60921e-08,-3.93986e-13,
3.33254e+07,165.021,5.32843e-07,32.4831,2.60419e-06,-2.46216e-08,2.1857e-13,
3.36641e+07,164.583,-1.29446e-06,32.6708,5.54263e-07,-3.34577e-08,2.41652e-13,
3.3994e+07,164.327,-7.7661e-07,32.8589,5.70078e-07,-2.64238e-08,-1.62619e-14,
3.43247e+07,163.802,-1.58737e-06,34.1793,3.99263e-06,-1.59912e-08,-3.21799e-14,
3.4664e+07,163.964,4.76685e-07,35.4937,3.8741e-06,-1.04993e-08,1.30196e-14,
3.49939e+07,163.75,-6.47574e-07,35.5888,2.88203e-07,-4.3625e-09,2.14928e-14,
3.53245e+07,162.669,-3.2692e-06,36.2167,1.89893e-06,-1.23142e-08,1.01023e-13,
3.56638e+07,162.388,-8.27726e-07,36.2529,1.06697e-07,-3.77818e-09,-1.45591e-13,
3.59938e+07,162.332,-1.71192e-07,36.2924,1.19668e-07,-1.29874e-09,5.08587e-14,
3.63244e+07,160.84,-4.51269e-06,37.1058,2.46073e-06,-1.93365e-08,6.49903e-15,
3.66636e+07,160.833,-2.1344e-08,37.0747,-9.1769e-08,-1.31253e-09,1.30786e-13,
3.69935e+07,161.11,8.41423e-07,36.8568,-6.60266e-07,4.25707e-10,-1.24018e-13,
3.73243e+07,161.093,-5.09172e-08,36.8509,-1.79428e-08,1.44887e-09,3.44621e-15,
3.76635e+07,161.037,-1.67611e-07,36.814,-1.08844e-07,1.55229e-09,-8.62222e-15,
3.79934e+07,161.05,4.09153e-08,36.7615,-1.5923e-07,1.03412e-09,-1.86728e-15,
3.8324e+07,161.034,-4.86248e-08,36.8868,3.7897e-07,1.23153e-09,-5.59268e-14,
3.86632e+07,160.959,-2.20714e-07,36.9631,2.25054e-07,9.91252e-10,2.53946e-14,
3.89932e+07,160.537,-1.27848e-06,37.0884,3.79718e-07,-5.16784e-10,5.72988e-14,
3.93239e+07,160.457,-2.41157e-07,37.1331,1.35202e-07,1.70598e-10,-7.77163e-14,
3.96631e+07,160.519,1.81791e-07,37.1095,-6.9531e-08,4.75332e-11,8.83078e-14,
3.9993e+07,160.734,6.50782e-07,36.9385,-5.1829e-07,-1.57226e-09,-1.59409e-14,
4.03237e+07,160.885,4.55547e-07,36.7625,-5.32184e-07,-2.24562e-09,-3.6615e-14,
4.06629e+07,160.839,-1.35639e-07,36.7439,-5.50026e-08,-1.47274e-09,3.7148e-14,
4.09929e+07,160.594,-7.41194e-07,36.8997,4.72157e-07,-1.53403e-09,2.83265e-13,
4.1324e+07,160.749,4.69008e-07,36.7511,-4.48538e-07,5.43466e-10,-2.77831e-13,
4.16627e+07,160.913,4.83092e-07,36.6118,-4.11367e-07,4.52078e-09,1.67483e-14,
4.19926e+07,160.874,-1.18706e-07,36.6074,-1.33322e-08,1.5276e-08,-1.36468e-14,
4.23233e+07,163.096,6.721e-06,34.3954,-6.68882e-06,4.34963e-08,6.66189e-15,
4.26625e+07,163.738,1.89228e-06,33.6025,-2.33779e-06,2.97275e-08,7.22627e-15,
4.29924e+07,163.188,-1.66818e-06,33.7224,3.63689e-07,3.10751e-08,4.84154e-13,
4.33231e+07,163.435,7.46999e-07,33.1597,-1.7019e-06,3.0195e-08,-3.38142e-13,
4.36624e+07,163.674,7.06133e-07,33.071,-2.61306e-07,4.07769e-08,4.72874e-14,
4.39923e+07,162.942,-2.22089e-06,33.6209,1.6666e-06,2.27906e-08,-1.11477e-13,
4.4323e+07,162.411,-1.60521e-06,33.7675,4.43369e-07,2.87599e-08,1.63696e-15,
4.46622e+07,162.005,-1.19512e-06,33.9797,6.25448e-07,3.42883e-08,-5.01519e-14,
4.49921e+07,162.297,8.82535e-07,35.3835,4.25477e-06,4.44968e-08,2.83612e-13,
4.53236e+07,163.636,4.04076e-06,34.2253,-3.49359e-06,6.99464e-08,-1.04102e-13,
4.5662e+07,163.081,-1.64172e-06,34.6311,1.19911e-06,2.65816e-08,-1.6024e-13,
4.59919e+07,169.495,1.94436e-05,30.8961,-1.1321e-05,1.17789e-07,2.03947e-13,
4.63226e+07,168.723,-2.3347e-06,31.3266,1.30187e-06,2.21165e-08,-2.76446e-13,
4.66619e+07,168.333,-1.14911e-06,31.3033,-6.86012e-08,4.13118e-08,5.35649e-13,
4.69918e+07,168.979,1.95558e-06,30.437,-2.6259e-06,3.58067e-08,-4.16313e-13,
4.73224e+07,168.99,3.35099e-08,30.1007,-1.01712e-06,6.50926e-08,7.54453e-14,
4.76616e+07,168.182,-2.38218e-06,30.6784,1.70314e-06,5.36695e-08,-3.20069e-14,
4.79917e+07,168.279,2.95301e-07,30.3982,-8.48965e-07,3.87843e-08,7.52507e-14,
4.83223e+07,168.174,-3.17235e-07,30.5917,5.85379e-07,4.65921e-08,-1.68089e-13,
4.86615e+07,169.365,3.51039e-06,29.8545,-2.1732e-06,4.0486e-08,1.51173e-13,
4.89914e+07,168.456,-2.75694e-06,30.3662,1.5509e-06,3.84535e-08,-9.42294e-14,
4.93221e+07,166.873,-4.78387e-06,31.9231,4.70758e-06,3.20251e-08,-1.59091e-14,
4.96613e+07,165.988,-2.61011e-06,31.9998,2.26312e-07,2.74757e-08,-7.67652e-14,
4.99912e+07,166.571,1.7664e-06,31.6161,-1.1629e-06,2.18759e-08,2.54142e-13,
5.03219e+07,165.324,-3.77235e-06,32.483,2.62149e-06,2.2954e-08,-1.87228e-13,
5.06611e+07,164.688,-1.87468e-06,32.833,1.03189e-06,1.26406e-08,4.63021e-14,
5.09912e+07,163.996,-2.0957e-06,33.1292,8.97495e-07,1.81522e-08,-2.97718e-14,
5.13218e+07,163.499,-1.50375e-06,33.3849,7.73342e-07,1.10727e-08,-1.11466e-13,
5.16615e+07,162.587,-2.68536e-06,33.8775,1.45015e-06,1.07426e-08,5.9714e-15,
5.19909e+07,162.13,-1.38466e-06,33.8724,-1.57461e-08,6.55115e-09,2.86185e-13,
5.23216e+07,158.272,-1.16679e-05,36.1004,6.73844e-06,1.88065e-08,-5.15145e-13,
5.26608e+07,156.742,-4.51029e-06,37.6746,4.64044e-06,2.17238e-08,2.54638e-13,
5.29907e+07,120.972,-0.000108413,56.1861,5.61053e-05,-1.71179e-08,4.93731e-13,
5.33214e+07,120.446,-1.59166e-06,46.599,-2.89924e-05,2.81318e-08,-4.64357e-13,
5.36606e+07,115.184,-1.55126e-05,47.5817,2.89666e-06,1.9348e-08,2.43043e-14,
5.39906e+07,111.305,-1.17566e-05,49.4515,5.66718e-06,3.75586e-09,-3.56696e-14,
5.43212e+07,105.564,-1.73616e-05,52.0322,7.80504e-06,2.15785e-09,-1.09302e-14,
5.46604e+07,100.303,-1.55109e-05,54.1791,6.32906e-06,2.46916e-09,-4.10058e-15,
5.49904e+07,93.833,-1.96086e-05,56.8999,8.24628e-06,1.94376e-09,4.56997e-16,
5.53497e+07,87.1109,-1.87099e-05,60.9546,1.12857e-05,1.80732e-09,-1.2779e-15,
5.56603e+07,79.8441,-2.33967e-05,63.8657,9.37252e-06,-6.71219e-10,-2.59569e-15,
5.59902e+07,75.0498,-1.45292e-05,66.9591,9.37476e-06,-2.57659e-09,6.01579e-15,
5.63212e+07,70.3995,-1.40532e-05,72.0623,1.54218e-05,-2.87817e-09,-1.0201e-14,
5.66606e+07,64.1503,-1.84097e-05,82.6899,3.13082e-05,-2.27456e-09,1.01378e-15,
5.699e+07,59.3793,-1.44836e-05,84.9653,6.90757e-06,-7.80586e-09,3.69257e-15,
5.73207e+07,55.7713,-1.09107e-05,90.1239,1.55996e-05,-5.22427e-09,-1.75288e-14,
5.76599e+07,52.2925,-1.02541e-05,97.8932,2.29012e-05,-3.60044e-09,1.58722e-14,
5.79898e+07,50.7948,-4.5402e-06,98.2997,1.23219e-06,-3.23474e-09,2.31545e-15,
5.83205e+07,49.8739,-2.78466e-06,98.36,1.82317e-07,-3.25357e-09,-2.05733e-14,
5.86597e+07,49.1844,-2.03279e-06,100.813,7.23085e-06,-1.42708e-09,2.50412e-14,
5.89897e+07,48.6259,-1.69279e-06,101.404,1.79062e-06,-9.46319e-10,1.81995e-15,
5.93204e+07,47.7969,-2.50682e-06,101.589,5.608e-07,-7.33243e-10,-4.97526e-15,
5.96595e+07,47.2262,-1.68256e-06,101.316,-8.05384e-07,-1.03747e-09,7.0293e-15,
5.999e+07,46.3497,-2.65216e-06,101.789,1.43135e-06,-2.0263e-09,-8.6383e-15,
6.03202e+07,46.1387,-6.39133e-07,103.152,4.12788e-06,1.24668e-10,9.45355e-15,
6.06593e+07,45.8051,-9.83577e-07,101.689,-4.31149e-06,-3.13451e-10,-7.58208e-15,
6.09894e+07,45.7583,-1.41757e-07,101.191,-1.50872e-06,1.02268e-11,2.10172e-16,
6.16592e+07,45.3068,-6.74126e-07,96.3739,-7.19193e-06,-1.46847e-10,2.03664e-15,
6.19892e+07,45.2681,-1.17199e-07,96.0482,-9.87166e-07,-1.19383e-09,-3.61997e-15,
6.23198e+07,45.338,2.11385e-07,96.1202,2.1783e-07,-2.50888e-10,1.11758e-14,
6.26593e+07,45.5668,6.74155e-07,95.3307,-2.32581e-06,-5.32789e-10,5.32217e-15,
6.29889e+07,45.5606,-1.89067e-08,96.4859,3.50444e-06,1.14681e-09,-7.6965e-15,
6.33197e+07,45.7253,4.97941e-07,97.1657,2.05516e-06,7.63196e-11,-2.9986e-15,
6.36589e+07,45.9667,7.11802e-07,93.6222,-1.04469e-05,-5.35393e-10,7.07544e-15,
6.39888e+07,46.3523,1.16882e-06,93.7856,4.95334e-07,1.57586e-10,2.84618e-15,
6.43195e+07,46.3632,3.27513e-08,93.373,-1.24781e-06,-1.26636e-10,-4.06361e-15,
6.46587e+07,45.6891,-1.98694e-06,95.2581,5.55703e-06,-1.07843e-09,-1.49501e-15,
6.49886e+07,46.3625,2.04086e-06,89.9667,-1.60374e-05,-9.76652e-11,-2.29753e-15,
6.53193e+07,46.3465,-4.82835e-08,91.0141,3.16707e-06,-5.4041e-10,1.85576e-15,
6.56585e+07,46.6711,9.56798e-07,91.377,1.06991e-06,-1.55599e-09,-1.01627e-15,
6.59886e+07,45.7694,-2.73196e-06,91.5381,4.88224e-07,-5.32208e-10,-3.52345e-15,
6.63192e+07,45.056,-2.15755e-06,92.9707,4.33233e-06,-6.62386e-10,2.40288e-15,
6.66584e+07,43.4531,-4.7258e-06,94.3281,4.00211e-06,-1.74942e-09,-5.61904e-15,
6.69883e+07,43.7466,8.8962e-07,92.564,-5.34786e-06,-1.81536e-09,5.62326e-15,
6.73191e+07,44.1501,1.21984e-06,92.5375,-7.99113e-08,4.13775e-11,-1.00088e-14,
6.76582e+07,44.7327,1.71788e-06,92.6552,3.47015e-07,1.58479e-10,-8.5886e-16,
6.79881e+07,44.9298,5.97602e-07,92.5211,-4.06698e-07,-1.91667e-10,6.89167e-15,
6.83188e+07,45.3917,1.39654e-06,91.4079,-3.36617e-06,-4.39324e-12,-1.062e-14,
6.8658e+07,46.0508,1.94342e-06,91.8983,1.446e-06,3.18442e-10,9.62443e-15,
6.89879e+07,47.0672,3.0804e-06,90.0484,-5.60672e-06,3.44109e-10,-5.40213e-15,
6.93191e+07,48.2172,3.47199e-06,84.5511,-1.6597e-05,6.11348e-10,1.7379e-14,
6.96578e+07,49.9761,5.19314e-06,81.359,-9.42476e-06,1.61039e-09,-9.78601e-15,
6.99883e+07,51.6268,4.99574e-06,76.7785,-1.38622e-05,2.04701e-09,1.37477e-14,
7.0319e+07,55.4555,1.15771e-05,71.1525,-1.70118e-05,3.59485e-09,-1.21766e-14,
7.06576e+07,60.418,1.46549e-05,67.5064,-1.07675e-05,3.85023e-09,2.42704e-14,
7.09876e+07,65.4514,1.52522e-05,63.1907,-1.30774e-05,3.52156e-09,-2.97786e-14,
7.13183e+07,75.4288,3.0175e-05,55.7798,-2.2413e-05,4.90568e-09,-7.23323e-15,
7.16582e+07,82.3259,2.029e-05,52.6025,-9.34687e-06,5.5482e-09,2.40113e-14,
7.19874e+07,90.1377,2.37295e-05,50.7907,-5.50375e-06,3.19343e-09,-9.18127e-16,
7.23182e+07,99.6391,2.87256e-05,46.8538,-1.19023e-05,5.19993e-09,-5.86468e-15,
7.26578e+07,109.416,2.87846e-05,43.4804,-9.93244e-06,7.99766e-10,-1.99831e-14,
7.2988e+07,118.994,2.90084e-05,39.9961,-1.0552e-05,6.8866e-10,-3.12825e-14,
7.33179e+07,126.9,2.39619e-05,38.0794,-5.80949e-06,-7.02349e-10,1.26846e-14,
7.36576e+07,132.542,1.66106e-05,36.4546,-4.7829e-06,-3.45657e-10,-1.67274e-15,
7.39871e+07,138.906,1.9318e-05,34.9582,-4.54246e-06,-1.99035e-09,1.18227e-14,
7.43177e+07,143.956,1.52706e-05,32.7505,-6.67661e-06,-5.84051e-09,-3.22488e-15,
7.4657e+07,148.026,1.19972e-05,31.2777,-4.34072e-06,-4.28614e-09,-9.64483e-14,
7.49869e+07,151.326,1.0004e-05,30.0619,-3.68557e-06,-8.57863e-09,8.52015e-14,
7.53176e+07,153.767,7.38052e-06,28.9931,-3.23216e-06,-6.8642e-09,-3.76921e-14,
7.56568e+07,155.402,4.82021e-06,28.471,-1.53895e-06,-7.85361e-09,-1.42667e-14,
7.59868e+07,156.31,2.75048e-06,28.4582,-3.87998e-08,-8.85896e-09,-2.64599e-15,
7.63174e+07,159.895,1.08421e-05,27.0959,-4.12003e-06,-1.9457e-08,2.93725e-15,
7.66566e+07,160.669,2.28111e-06,26.7002,-1.16668e-06,-1.16257e-08,9.84805e-15,
7.6987e+07,163.005,7.07269e-06,27.4987,2.41674e-06,-2.56709e-08,5.9895e-15,
7.73172e+07,163.868,2.61279e-06,27.01,-1.47994e-06,-1.39651e-08,-1.41723e-13,
7.76571e+07,169.581,1.68063e-05,19.6357,-2.16942e-05,-2.32617e-08,-2.60272e-14,
7.79863e+07,169.914,1.01197e-06,17.5137,-1.47994e-06,-1.85994e-08,2.05236e-13,
7.83171e+07,170.012,2.96843e-07,29.9523,3.76087e-05,-9.04163e-09,-2.35983e-14,
7.86562e+07,169.783,-6.76218e-07,30.108,4.59243e-07,-2.3377e-08,-1.02421e-13,
7.89862e+07,169.027,-2.29039e-06,30.6199,1.55135e-06,-6.06512e-08,1.22434e-13,
7.93168e+07,169.692,2.00975e-06,12.9964,-5.32994e-05,2.51114e-09,-7.26717e-14,
7.96561e+07,170.425,2.16265e-06,16.4422,1.55135e-06,-2.96279e-08,3.97388e-14,
7.99861e+07,169.915,-1.54608e-06,15.7908,-1.97381e-06,-2.27467e-08,-4.06438e-14,
8.03167e+07,169.807,-3.25663e-07,15.8478,1.72448e-07,-1.72594e-08,-5.90103e-14,
8.06559e+07,169.683,-3.65489e-07,15.8485,1.85745e-09,-2.32293e-08,1.08475e-13,
8.09858e+07,170.403,2.18212e-06,14.2242,-4.92362e-06,-3.70339e-08,1.16909e-14,
8.13165e+07,170.286,-3.53448e-07,14.3901,5.01671e-07,-1.70567e-08,-7.8664e-14,
8.16557e+07,171.184,2.64649e-06,12.2694,-6.25225e-06,-3.7405e-08,-3.12089e-15,
8.19856e+07,171.014,-5.15765e-07,12.6748,1.22885e-06,-2.53409e-08,5.60465e-14,
8.23163e+07,171.856,2.54726e-06,12.3639,-9.4038e-07,-2.86142e-08,-3.87489e-14,
8.26556e+07,172.515,1.94106e-06,11.778,-1.72714e-06,-3.69679e-08,-2.89011e-14,
8.29855e+07,172.902,1.1736e-06,12.435,1.99119e-06,-2.71894e-08,7.63738e-14,
8.33162e+07,173.482,1.75291e-06,12.5595,3.76348e-07,-3.32216e-08,-8.37388e-14,
8.36561e+07,173.943,1.35722e-06,12.7423,5.3771e-07,-3.52655e-08,5.03607e-14,
8.39853e+07,174.392,1.36295e-06,12.4696,-8.28397e-07,-2.83425e-08,-5.2552e-14,
8.4316e+07,174.549,4.75849e-07,13.7613,3.90565e-06,-2.4727e-08,6.74911e-14,
8.46552e+07,173.369,-3.4797e-06,17.6017,1.13228e-05,-3.96332e-08,-1.47861e-13,
8.49851e+07,166.451,-2.09694e-05,17.3751,-6.8685e-07,4.59154e-07,1.73974e-13,
8.53158e+07,166.615,4.97986e-07,9.73604,-2.31008e-05,-8.45337e-08,-4.7063e-14,
8.5655e+07,166.223,-1.15543e-06,9.69339,-1.25748e-07,-4.499e-09,4.25514e-14,
8.5985e+07,165.85,-1.13228e-06,9.64929,-1.33614e-07,-1.23965e-08,1.22508e-14,
8.63156e+07,166.336,1.47263e-06,9.97221,9.76762e-07,-3.88957e-08,-1.18392e-14,
8.66548e+07,165.903,-1.27707e-06,9.9365,-1.05277e-07,5.07293e-09,3.36087e-14,
8.69848e+07,165.304,-1.81591e-06,9.60301,-1.01068e-06,-7.95852e-10,-2.0695e-13,
8.73155e+07,165.743,1.32603e-06,9.49276,-3.33395e-07,-2.88975e-08,1.81555e-13,
8.76554e+07,176.106,3.04888e-05,21.8946,3.64862e-05,-3.70201e-07,-1.71166e-14,
8.79846e+07,171.456,-1.41219e-05,30.6134,2.64818e-05,4.23629e-09,-2.16693e-13,
8.83153e+07,171.862,1.22688e-06,29.2856,-4.01541e-06,-3.76349e-09,1.14674e-13,
8.86545e+07,172.009,4.34123e-07,27.8243,-4.30807e-06,-9.85214e-09,1.71011e-13,
8.89844e+07,171.51,-1.51215e-06,28.1855,1.09494e-06,-1.45163e-08,1.25771e-15,
8.93151e+07,171.652,4.27434e-07,28.2546,2.08889e-07,-6.15252e-09,-1.75444e-14,
8.96543e+07,171.479,-5.10223e-07,28.6137,1.05838e-06,-1.32838e-08,1.06904e-14,
8.99843e+07,171.404,-2.26564e-07,28.7619,4.49402e-07,-1.84006e-08,-4.3546e-13,
9.0315e+07,171.254,-4.54204e-07,28.7769,4.51519e-08,-1.51479e-08,3.17659e-13,
9.06541e+07,171.268,4.15682e-08,28.8095,9.61465e-08,-9.09504e-09,2.07678e-13,
9.0984e+07,171.154,-3.45539e-07,28.9434,4.05809e-07,-2.1141e-08,-1.04718e-13,
9.13148e+07,171.183,8.85544e-08,28.4784,-1.40588e-06,-6.28949e-09,2.75414e-14,
9.16539e+07,171.269,2.54235e-07,29.2286,2.2121e-06,-4.27898e-09,-1.91643e-13,
9.19839e+07,171.435,5.02373e-07,28.4692,-2.30145e-06,-6.46433e-09,1.86666e-13,
9.23146e+07,171.503,2.05293e-07,28.6236,4.66731e-07,-6.75017e-09,-2.91786e-16,
9.26538e+07,171.617,3.36196e-07,28.5603,-1.86535e-07,-6.12185e-09,-6.73252e-16,
9.29837e+07,171.655,1.15842e-07,28.7746,6.49367e-07,-4.399e-09,2.38463e-14,
9.33144e+07,171.696,1.23222e-07,28.8337,1.78689e-07,-3.62888e-09,-2.07504e-13,
9.36536e+07,171.782,2.53817e-07,28.8889,1.62885e-07,-3.17265e-09,1.36452e-13,
9.39841e+07,171.753,-8.94091e-08,28.7695,-3.61243e-07,-1.60557e-09,3.84781e-14,
9.43142e+07,171.679,-2.22415e-07,28.7719,7.18834e-09,-1.32167e-09,2.31857e-15,
9.46534e+07,171.671,-2.46869e-08,28.8219,1.47346e-07,-9.73317e-10,1.6211e-15,
9.49834e+07,171.636,-1.04169e-07,28.8468,7.54664e-08,-7.24958e-10,1.27133e-15,
9.53141e+07,171.591,-1.38264e-07,28.9284,2.46724e-07,-8.4041e-10,2.63319e-13,
9.56533e+07,171.522,-2.03774e-07,28.9243,-1.18701e-08,-3.8412e-10,-5.35443e-13,
9.59833e+07,171.525,9.47991e-09,28.9803,1.69593e-07,-4.18155e-10,2.69931e-13,
9.63139e+07,171.545,6.1853e-08,28.9897,2.83958e-08,-5.13448e-10,9.97574e-14,
9.66531e+07,171.469,-2.24787e-07,29.0415,1.52784e-07,-5.01215e-10,-1.91869e-13,
9.69831e+07,171.413,-1.67874e-07,29.1172,2.29373e-07,-2.16857e-10,2.28637e-13,
9.73137e+07,171.33,-2.53535e-07,29.2681,4.56224e-07,2.82106e-11,-2.39007e-13,
9.7653e+07,171.206,-3.6578e-07,29.6978,1.26672e-06,3.41991e-10,1.08892e-13,
9.79829e+07,170.97,-7.14688e-07,30.0632,1.10727e-06,9.17297e-10,1.77784e-13,
9.83139e+07,170.942,-8.28442e-08,30.0864,7.01204e-08,1.6415e-09,-3.13088e-13,
9.86527e+07,170.913,-8.65872e-08,30.1861,2.94338e-07,1.00283e-09,2.99777e-13,
9.89827e+07,169.865,-3.17659e-06,31.3946,3.66272e-06,-1.10442e-08,-6.50096e-14,
9.93134e+07,169.595,-8.17009e-07,31.832,1.32245e-06,-2.71614e-09,2.2475e-15,
9.96526e+07,169.066,-1.55919e-06,32.4856,1.92723e-06,-2.36406e-09,-9.38439e-14,
9.99825e+07,168.901,-5.00183e-07,32.7337,7.51942e-07,-3.76751e-10,6.16531e-14,
1.00313e+08,168.72,-5.46382e-07,32.8289,2.87753e-07,1.21104e-09,-1.52115e-14,
1.00652e+08,168.615,-3.11367e-07,33.0379,6.16219e-07,6.43359e-10,-8.99072e-14,
1.00982e+08,168.483,-3.97482e-07,33.2569,6.63799e-07,1.16884e-09,4.47627e-14,
1.01313e+08,168.169,-9.49564e-07,33.598,1.03166e-06,4.7355e-09,3.96989e-13,
1.01652e+08,167.943,-6.6628e-07,33.9228,9.57282e-07,5.74701e-09,-4.07241e-13,
1.01982e+08,167.816,-3.84598e-07,35.404,4.48953e-06,8.07511e-09,-9.347e-16,
1.02313e+08,168.42,1.82503e-06,35.1923,-6.40123e-07,2.32374e-08,-6.04736e-15,
1.02652e+08,168.229,-5.63023e-07,35.389,5.80051e-07,3.73999e-09,-1.01846e-14,
1.02982e+08,168.124,-3.1886e-07,35.9313,1.64401e-06,2.50857e-09,2.06779e-14,
1.03313e+08,168.838,2.15909e-06,35.92,-3.43483e-08,2.75683e-08,1.48748e-14,
1.03652e+08,169.441,1.77724e-06,35.9118,-2.40026e-08,1.13834e-08,-1.71992e-14,
1.03982e+08,169.429,-3.55557e-08,36.096,5.58119e-07,1.31941e-08,-2.09812e-16,
1.04313e+08,169.426,-1.00794e-08,36.0792,-5.08202e-08,5.07233e-09,2.89512e-15,
1.04652e+08,169.287,-4.08494e-07,36.5456,1.37508e-06,4.27443e-09,1.82053e-15,
1.04982e+08,169.519,7.03346e-07,36.2638,-8.54265e-07,1.09716e-08,-3.57981e-15,
1.05312e+08,169.403,-3.50928e-07,36.4459,5.50646e-07,3.23686e-09,2.26985e-13,
1.05652e+08,170.11,2.08259e-06,36.3691,-2.26337e-07,1.36442e-08,-2.43195e-13,
1.05981e+08,170.515,1.23002e-06,35.8345,-1.62056e-06,1.15059e-08,1.16991e-13,
1.06312e+08,170.532,5.09773e-08,36.127,8.8447e-07,4.46176e-09,1.5782e-13,
1.06651e+08,170.224,-9.07997e-07,36.6765,1.61963e-06,5.72288e-09,-2.73067e-13,
1.06981e+08,171.032,2.44777e-06,36.2837,-1.1905e-06,4.49159e-08,-2.40598e-14,
1.07312e+08,172.008,2.95128e-06,36.238,-1.38374e-07,1.26487e-08,2.58779e-14,
1.07651e+08,172.041,9.97919e-08,36.6691,1.27083e-06,3.52038e-09,4.8455e-15,
1.07981e+08,171.935,-3.22092e-07,36.92,7.60373e-07,3.66919e-09,4.18504e-14,
1.08312e+08,171.946,3.18092e-08,37.9351,3.06994e-06,2.06956e-09,-2.64502e-14,
1.08651e+08,171.506,-1.2972e-06,38.3421,1.19973e-06,8.15532e-09,5.489e-14,
1.08981e+08,169.988,-4.59995e-06,22.7843,-4.71517e-05,8.27912e-09,3.32841e-14,
1.09312e+08,172.493,7.57748e-06,26.8254,1.22224e-05,6.41609e-08,-6.87173e-14,
1.09651e+08,167.524,-1.46459e-05,20.9958,-1.71827e-05,4.45636e-08,1.00203e-13,
1.09981e+08,169.227,5.1591e-06,25.3153,1.30886e-05,2.2412e-08,-7.67257e-14,
1.10311e+08,168.973,-7.67271e-07,24.8371,-1.44662e-06,1.99865e-09,-4.13419e-14,
1.10981e+08,119.155,-9.33691e-06,16.8175,-2.88482e-05,1.49271e-09,inf,
1.11311e+08,163.062,0.000132777,19.3075,-0.000143785,6.36779e-08,inf,
1.1165e+08,162.019,0.000118856,20.2533,-0.000177763,1.42472e-06,inf,
1.1198e+08,164.82,0.000229234,27.1954,-0.000229226,2.34946e-06,inf,
1.1165e+08,89.1936,-inf,102.819,inf,-inf,-inf,
1.12311e+08,164.772,0.000114402,27.1606,-0.000114522,1.18089e-06,4.26807e-12,
1.1265e+08,164.637,-3.98165e-07,27.2468,2.54265e-07,7.54324e-09,1.59998e-13,
1.1298e+08,164.069,-1.72365e-06,26.979,-8.11586e-07,5.3947e-09,-4.77633e-15,
1.13311e+08,165.301,3.72625e-06,26.68,-9.04185e-07,5.12479e-09,-2.69821e-13,
1.1365e+08,165.71,1.20619e-06,26.92,7.07828e-07,9.57734e-09,2.42183e-13,
1.1398e+08,165.143,-1.71893e-06,27.6183,2.11637e-06,1.37045e-08,-2.30208e-13,
1.14311e+08,164.823,-9.66029e-07,27.7902,5.19578e-07,9.66216e-09,2.58743e-13,
1.1465e+08,164.772,-1.50065e-07,28.0642,8.06989e-07,6.58426e-10,-1.22013e-13,
1.1498e+08,164.515,-7.79928e-07,28.2637,6.04483e-07,5.26355e-09,8.94473e-14,
1.15311e+08,164.39,-3.78048e-07,27.658,-1.83134e-06,2.72582e-11,-7.4855e-14,
1.1565e+08,164.162,-6.72666e-07,27.723,1.9193e-07,2.22721e-09,-3.43286e-14,
1.1598e+08,164.235,2.21952e-07,27.3588,-1.10393e-06,2.83254e-09,1.71668e-14,
1.1631e+08,164.264,8.67598e-08,27.3502,-2.59092e-08,3.39038e-09,-1.15401e-14,
1.1665e+08,164.332,2.01548e-07,27.333,-5.06739e-08,4.80334e-10,-1.56998e-14,
1.1698e+08,164.336,9.44211e-09,27.4227,2.71777e-07,7.47473e-09,4.37262e-15,
1.1731e+08,164.319,-5.03998e-08,27.3184,-3.152e-07,3.26658e-09,1.00012e-14,
1.17649e+08,164.465,4.30987e-07,27.2963,-6.52904e-08,2.16133e-11,2.87134e-14,
1.17979e+08,164.451,-4.40935e-08,27.4487,4.61926e-07,8.22373e-10,1.03097e-14,
1.1831e+08,148.145,-4.93134e-05,36.4855,2.73299e-05,3.59993e-07,-4.39832e-14,
1.18649e+08,145.652,-7.34599e-06,43.5178,2.07254e-05,-1.87394e-08,6.07035e-15,
1.18979e+08,146.166,1.55578e-06,41.8362,-5.09647e-06,7.61562e-09,2.0568e-14,
1.1931e+08,145.47,-2.10473e-06,43.5951,5.32072e-06,3.72954e-09,-1.64338e-14,
1.19649e+08,145.346,-3.6405e-07,44.0376,1.30459e-06,-4.38073e-09,-1.30086e-14,
1.19979e+08,145.301,-1.37889e-07,44.0697,9.72592e-08,3.7053e-09,3.99472e-14,
1.2031e+08,145.15,-4.55345e-07,44.2177,4.47598e-07,2.62046e-08,-1.35029e-14,
1.20649e+08,145.14,-3.048e-08,44.5875,1.09014e-06,2.97936e-09,9.19645e-15,
1.20979e+08,145.161,6.51356e-08,44.9668,1.14958e-06,8.25553e-09,3.82114e-14,
1.2131e+08,145.117,-1.33919e-07,45.2534,8.66633e-07,5.27356e-09,-7.73455e-14,
1.21649e+08,145.053,-1.90056e-07,45.865,1.80337e-06,-2.03013e-09,2.0078e-14,
1.21979e+08,144.577,-1.44197e-06,45.6234,-7.32536e-07,4.47382e-08,-1.24267e-14,
1.22309e+08,144.478,-2.99497e-07,45.8201,5.95049e-07,8.41611e-09,1.17099e-14,
1.22649e+08,144.664,5.48234e-07,45.7127,-3.16813e-07,-3.8404e-09,-1.57445e-14,
1.22979e+08,145.22,1.6868e-06,44.6351,-3.26559e-06,-1.08341e-08,-7.33671e-15,
1.23309e+08,145.517,8.98211e-07,44.5631,-2.17684e-07,-9.93821e-09,3.2556e-14,
1.23648e+08,146.067,1.62141e-06,43.5071,-3.11303e-06,-1.26718e-08,1.50908e-14,
1.24309e+08,146.624,8.42091e-07,42.6138,-1.35206e-06,1.2577e-09,5.36542e-14,
1.24648e+08,147.212,1.73432e-06,40.6596,-5.76114e-06,1.71536e-09,-2.11976e-14,
1.24978e+08,147.603,1.18631e-06,40.4445,-6.51992e-07,2.33747e-10,-4.24852e-14,
1.25309e+08,148.272,2.02141e-06,36.5564,-1.17557e-05,2.45401e-09,-2.13054e-14,
1.25648e+08,148.64,1.08467e-06,36.2052,-1.03558e-06,2.40067e-09,3.48111e-14,
1.25978e+08,148.644,1.32912e-08,36.4289,6.78274e-07,3.32796e-09,1.08681e-14,
1.26309e+08,149.005,1.08926e-06,35.8455,-1.76032e-06,-7.06442e-10,-4.63788e-15,
1.26648e+08,149.29,8.40032e-07,36.0124,4.93177e-07,-3.4614e-10,-3.7257e-14,
1.26978e+08,158.127,2.67855e-05,32.3947,-1.09644e-05,-3.05717e-07,1.68826e-14,
1.27308e+08,158.354,6.83701e-07,31.5833,-2.45363e-06,3.71774e-11,-7.59747e-15,
1.27648e+08,158.547,5.71113e-07,31.1697,-1.21918e-06,5.8504e-10,5.26466e-15,
1.27978e+08,158.759,6.40399e-07,30.6031,-1.71689e-06,2.68392e-09,-1.45942e-14,
1.28308e+08,159.357,1.80951e-06,29.9084,-2.10144e-06,3.57647e-09,4.14004e-15,
1.28648e+08,159.843,1.43244e-06,29.5397,-1.08684e-06,3.17477e-09,-1.9361e-14,
1.28977e+08,160.115,8.2574e-07,29.3203,-6.65051e-07,7.0688e-09,2.62657e-14,
1.29308e+08,160.195,2.40804e-07,29.9461,1.89245e-06,8.30614e-09,-1.8372e-14,
1.29647e+08,160.414,6.45173e-07,30.1988,7.44933e-07,4.17696e-09,2.90145e-14,
1.29977e+08,159.837,-1.74774e-06,30.8841,2.07686e-06,1.255e-08,6.98238e-16,
1.30308e+08,159.767,-2.10345e-07,31.0992,6.50271e-07,7.23724e-09,-1.99262e-14,
1.30647e+08,159.584,-5.41194e-07,31.4859,1.1401e-06,9.49045e-09,1.47786e-13,
1.30977e+08,158.86,-2.19482e-06,32.0896,1.83044e-06,1.06715e-08,-1.02509e-13,
1.31308e+08,158.689,-5.16174e-07,32.6084,1.56533e-06,1.27833e-08,-1.91931e-14,
1.31647e+08,159.375,2.02718e-06,33.2611,1.92807e-06,7.17993e-09,-3.87734e-14,
1.31977e+08,157.091,-6.92346e-06,36.508,9.84035e-06,2.57681e-08,4.65782e-14,
1.32308e+08,157.597,1.53002e-06,36.3725,-4.09887e-07,4.17178e-09,1.19754e-14,
1.32647e+08,157.072,-1.54775e-06,27.6039,-2.5853e-05,5.21653e-08,-6.58396e-14,
1.32977e+08,158.7,4.9353e-06,49.2644,6.56368e-05,-3.266e-08,1.22185e-13,
1.33307e+08,157.586,-3.37088e-06,34.9591,-4.32711e-05,1.8112e-08,-5.67159e-14,
1.33647e+08,156.827,-2.23842e-06,37.4468,7.33378e-06,6.40479e-09,-1.22549e-14,
1.33977e+08,155.886,-2.85088e-06,38.9675,4.60866e-06,1.03812e-08,-3.5423e-14,
1.34307e+08,154.748,-3.43891e-06,40.3275,4.11185e-06,9.80714e-09,7.51784e-15,
1.34646e+08,153.248,-4.42464e-06,42.463,6.29715e-06,1.08012e-08,1.01233e-13,
1.34976e+08,151.581,-5.05348e-06,44.3385,5.68422e-06,9.04036e-09,-7.39645e-14,
1.35307e+08,148.91,-8.07552e-06,47.1024,8.35777e-06,9.19105e-09,-1.38728e-14,
1.35646e+08,147.643,-3.73431e-06,45.6474,-4.28913e-06,5.2159e-09,2.75913e-14,
1.35976e+08,144.698,-8.92925e-06,46.8757,3.72347e-06,8.8266e-09,8.57558e-16,
1.36307e+08,141.989,-8.19094e-06,47.8706,3.00836e-06,6.40288e-09,-4.25337e-14,
1.36646e+08,139.53,-7.24972e-06,47.7057,-4.8613e-07,5.01726e-09,1.15439e-13,
1.36976e+08,135.107,-1.3407e-05,50.0316,7.04947e-06,7.69634e-09,-8.66292e-14,
1.37307e+08,132.424,-8.10955e-06,49.1517,-2.66027e-06,1.41613e-09,-1.46925e-14,
1.37646e+08,126.673,-1.69548e-05,50.9585,5.32617e-06,5.50119e-09,-2.76076e-14,
1.37976e+08,122.36,-1.30728e-05,51.8685,2.75838e-06,2.36189e-10,1.77646e-14,
1.38307e+08,117.544,-1.45642e-05,52.8809,3.06162e-06,2.38107e-09,-2.62246e-14,
1.38646e+08,112.367,-1.524e-05,52.3536,-1.55215e-06,-3.45608e-10,4.65582e-15,
1.38976e+08,106.393,-1.81075e-05,54.8002,7.41542e-06,3.61123e-10,-1.42553e-15,
1.39307e+08,100.15,-1.88666e-05,56.7341,5.8446e-06,1.29629e-09,-2.28376e-14,
1.39646e+08,93.8556,-1.85965e-05,58.72,5.86743e-06,1.40795e-09,-6.82251e-15,
1.39976e+08,87.7119,-1.862e-05,61.752,9.18929e-06,-1.16371e-09,8.95461e-15,
1.40306e+08,82.3199,-1.63064e-05,61.8902,4.18009e-07,-1.97644e-09,3.12526e-15,
1.40645e+08,75.5712,-1.98948e-05,64.7111,8.31595e-06,-2.60898e-09,1.78224e-14,
1.40975e+08,71.0392,-1.3737e-05,65.719,3.05494e-06,-3.57018e-09,-1.0322e-14,
1.41645e+08,61.1197,-9.70361e-06,64.9185,-4.75378e-06,-4.54882e-09,6.87398e-16,
1.42306e+08,53.585,-5.43256e-06,66.1009,8.78207e-07,-2.99945e-09,3.71982e-15,
1.42645e+08,51.5785,-5.91479e-06,67.3145,3.57742e-06,-5.34766e-09,-1.24185e-14,
1.42975e+08,50.4447,-3.43669e-06,69.5028,6.63285e-06,-2.03705e-09,1.95634e-14,
1.43306e+08,48.6616,-5.39126e-06,72.3595,8.63761e-06,-2.97014e-09,-2.1154e-14,
1.43645e+08,46.1633,-7.36522e-06,76.2428,1.14482e-05,-5.23295e-09,2.06914e-16,
1.43975e+08,44.5565,-4.86979e-06,81.129,1.4809e-05,-4.30879e-09,1.88959e-15,
1.44305e+08,43.1432,-4.27406e-06,86.3904,1.59118e-05,-3.47198e-09,1.19123e-14,
1.44645e+08,42.2438,-2.6514e-06,91.3819,1.47136e-05,-3.88591e-09,-5.19922e-15,
1.44975e+08,41.5204,-2.19297e-06,92.6859,3.95301e-06,-2.77634e-09,3.13819e-15,
1.45305e+08,41.3166,-6.16218e-07,93.8422,3.49561e-06,-1.42067e-09,4.16444e-15,
1.45644e+08,41.1951,-3.5832e-07,95.2901,4.27003e-06,4.73711e-11,4.32203e-15,
1.45974e+08,41.3907,5.92831e-07,94.9752,-9.5435e-07,-1.42493e-09,3.78178e-15,
1.46306e+08,41.5442,4.6328e-07,95.0795,3.14775e-07,-5.59726e-11,3.04285e-15,
1.46645e+08,41.9261,1.12656e-06,94.8708,-6.15726e-07,4.03427e-10,-1.62222e-15,
1.46974e+08,42.531,1.83616e-06,94.7398,-3.97772e-07,5.66083e-10,-1.49583e-14,
1.47305e+08,42.469,-1.87757e-07,96.8964,6.52222e-06,-2.00451e-10,2.20689e-14,
1.47644e+08,42.7151,7.25808e-07,96.3506,-1.60917e-06,8.85232e-12,-2.49069e-15,
1.47974e+08,42.9341,6.63288e-07,96.4485,2.96581e-07,3.66141e-10,-7.73616e-15,
1.48305e+08,43.0577,3.74098e-07,96.8609,1.24753e-06,7.37371e-11,-1.36022e-15,
1.48644e+08,42.994,-1.87759e-07,97.5641,2.07313e-06,5.03725e-10,-1.60419e-15,
1.48974e+08,43.6268,1.9177e-06,97.8115,7.49675e-07,1.64222e-09,4.55786e-16,
1.49305e+08,43.969,1.0333e-06,98.4997,2.07819e-06,3.98505e-10,9.12068e-15,
1.49644e+08,44.4087,1.29803e-06,98.8094,9.1435e-07,-2.39392e-10,1.78529e-15,
1.49974e+08,44.7536,1.04391e-06,99.5768,2.32232e-06,1.1324e-09,-1.08567e-14,
1.50304e+08,44.8487,2.87965e-07,100.466,2.69241e-06,8.67374e-10,-3.10657e-16,
1.50644e+08,45.105,7.55905e-07,100.707,7.11159e-07,3.93951e-10,-4.98484e-16,
1.50974e+08,45.3712,8.0661e-07,100.538,-5.11222e-07,7.56437e-10,2.20872e-14,
1.51304e+08,45.7167,1.0449e-06,100.746,6.2755e-07,1.80659e-10,-1.91882e-14,
1.51643e+08,45.7322,4.59064e-08,101.465,2.121e-06,3.93603e-10,1.11779e-15,
1.51973e+08,46.2232,1.48803e-06,101.47,1.2731e-08,-5.41247e-10,5.54574e-15,
1.52304e+08,46.7883,1.70921e-06,101.219,-7.57686e-07,1.01095e-09,-1.27025e-14,
1.52643e+08,46.8768,2.60828e-07,102.146,2.73056e-06,1.14383e-09,-2.41279e-15,
1.52973e+08,46.9731,2.9184e-07,102.458,9.46351e-07,5.0125e-10,-2.24046e-15,
1.53304e+08,46.9749,5.40224e-09,103.771,3.97233e-06,3.25339e-10,-1.0938e-15,
1.53644e+08,47.0274,1.54241e-07,104.506,2.16175e-06,3.50047e-10,1.11613e-14,
1.53974e+08,46.9077,-3.62855e-07,105.381,2.65418e-06,1.60662e-10,-4.60839e-15,
1.54304e+08,46.6709,-7.16089e-07,106.373,3.00043e-06,3.47665e-10,-1.42131e-14,
1.54643e+08,46.7706,2.94227e-07,106.78,1.20087e-06,1.20366e-09,1.71322e-14,
1.54973e+08,46.6,-5.16914e-07,107.745,2.92375e-06,1.49144e-09,-4.5484e-15,
1.55304e+08,46.2792,-9.70253e-07,108.838,3.30785e-06,7.2947e-10,6.52445e-15,
1.55643e+08,46.0582,-6.51275e-07,109.271,1.27442e-06,7.58058e-10,1.06223e-14,
1.56304e+08,45.5912,-5.12717e-07,110.47,8.60605e-07,3.45053e-10,-3.74801e-15,
1.56643e+08,45.4474,-4.24006e-07,110.856,1.13675e-06,1.97649e-10,-5.11729e-15,
1.56972e+08,45.4364,-3.33812e-08,110.744,-3.39898e-07,-1.22777e-10,5.47304e-14,
1.57303e+08,45.3623,-2.24005e-07,111.486,2.24296e-06,8.11946e-10,-3.57984e-14,
1.57642e+08,45.0503,-9.1975e-07,112.091,1.78505e-06,1.11448e-10,-5.84888e-15,
1.57973e+08,45.1607,3.33701e-07,112.028,-1.91598e-07,2.57426e-10,-6.02793e-15,
1.58303e+08,45.2741,3.43672e-07,112.04,3.71968e-08,7.31124e-11,8.22907e-15,
1.58642e+08,45.4394,4.87277e-07,111.646,-1.1609e-06,4.54345e-10,-1.00233e-14,
1.58972e+08,45.5143,2.27002e-07,111.47,-5.34368e-07,1.2752e-10,-2.79031e-15,
1.59303e+08,45.8528,1.02386e-06,110.877,-1.79322e-06,2.86387e-10,-5.70717e-15,
1.59642e+08,46.0715,6.44729e-07,109.573,-3.84331e-06,5.75906e-10,2.94675e-15,
1.59972e+08,46.4533,1.15743e-06,108.691,-2.67422e-06,5.59726e-10,-1.0605e-14,
1.60303e+08,46.874,1.27209e-06,108.382,-9.35595e-07,4.91983e-10,1.25471e-14,
1.60642e+08,47.3562,1.42172e-06,107.596,-2.31481e-06,2.3101e-09,-1.88951e-14,
1.60972e+08,48.0294,2.03983e-06,103.707,-1.1787e-05,9.87804e-10,1.28682e-14,
1.61302e+08,48.8645,2.52598e-06,102.247,-4.41398e-06,1.42543e-09,-3.92638e-15,
1.61642e+08,50.5146,4.86189e-06,99.0118,-9.53317e-06,1.11748e-09,2.88869e-15,
1.61972e+08,52.2663,5.31065e-06,97.8254,-3.59707e-06,3.04475e-09,-3.27189e-15,
1.62302e+08,54.6106,7.08992e-06,95.2444,-7.80584e-06,1.08915e-09,1.08483e-14,
1.62642e+08,56.028,4.17304e-06,93.0763,-6.38281e-06,1.74361e-09,-6.48193e-15,
1.62971e+08,60.4917,1.35509e-05,87.2627,-1.7649e-05,3.38753e-09,5.44609e-15,
1.63303e+08,65.1281,1.39887e-05,84.0698,-9.63368e-06,4.01451e-09,-3.16968e-15,
1.63641e+08,69.5384,1.303e-05,80.7131,-9.917e-06,3.55032e-09,-2.78485e-15,
1.63971e+08,75.5269,1.81517e-05,75.7023,-1.51882e-05,4.63072e-09,4.0216e-15,
1.64302e+08,85.4287,2.99358e-05,67.7356,-2.40856e-05,5.18799e-09,-3.89467e-15,
1.64641e+08,93.5283,2.38819e-05,59.2266,-2.50892e-05,8.03467e-10,2.4695e-15,
1.64971e+08,103.541,3.03457e-05,50.1535,-2.74986e-05,-2.49636e-09,-1.4263e-14,
1.65302e+08,111.907,2.53009e-05,40.9462,-2.78443e-05,-1.91904e-09,-1.31529e-14,
1.65641e+08,122.589,3.14956e-05,35.6341,-1.56619e-05,-6.23752e-09,-9.93505e-15,
1.65971e+08,129.391,2.06133e-05,31.8008,-1.16177e-05,-3.69605e-09,8.77687e-15,
1.66302e+08,135.043,1.70887e-05,29.8746,-5.82342e-06,-5.01457e-09,-7.17648e-15,
1.66641e+08,139.903,1.43262e-05,27.6666,-6.50957e-06,-4.22914e-09,-4.74763e-15,
1.66971e+08,144.027,1.25043e-05,26.4735,-3.61692e-06,-4.16922e-09,6.29147e-15,
1.67301e+08,147.512,1.05381e-05,26.3045,-5.11096e-07,-8.47021e-09,-1.35781e-14,
1.67641e+08,151.224,1.09436e-05,25.8667,-1.2906e-06,-1.328e-08,6.27058e-15,
1.67971e+08,153.086,5.64184e-06,24.6678,-3.63391e-06,-8.35561e-09,-1.62745e-14,
1.68301e+08,155.614,7.64398e-06,24.5732,-2.8604e-07,-1.42807e-08,-3.27272e-14,
1.6864e+08,158.192,7.60214e-06,24.7233,4.42696e-07,-1.4068e-08,-2.697e-15,
1.6897e+08,160.439,6.80856e-06,24.8586,4.09867e-07,-1.5204e-08,7.29586e-14,
1.69301e+08,160.66,6.67929e-07,22.8268,-6.14504e-06,-8.3699e-09,-6.55064e-14,
1.6964e+08,161.706,3.08361e-06,23.1573,9.74592e-07,-1.59427e-08,-1.07645e-13,
1.6997e+08,163.525,5.51397e-06,23.8119,1.98384e-06,-2.44902e-08,9.97069e-14,
1.70301e+08,169.625,1.84379e-05,18.2834,-1.6711e-05,-4.38921e-08,-7.92837e-14,
1.7064e+08,168.172,-4.28408e-06,14.0377,1.98384e-06,-5.06794e-08,1.18148e-13,
1.7097e+08,169.677,4.56253e-06,15.1467,3.36119e-06,3.36246e-09,-1.27909e-13,
1.71302e+08,167.572,-6.35469e-06,31.1902,4.84157e-05,-2.5665e-08,9.07211e-14,
1.7164e+08,167.844,8.04997e-07,12.4027,-5.54899e-05,-5.06844e-09,3.25044e-14,
1.7197e+08,168.458,1.86076e-06,15.1225,8.24125e-06,-1.31857e-08,-6.70902e-14,
1.72301e+08,169.829,4.148e-06,17.0764,5.91162e-06,-4.56996e-08,3.8982e-14,
1.7264e+08,163.774,-1.78249e-05,5.68332,-3.35407e-05,2.37158e-07,-1.76735e-14,
1.7297e+08,163.728,-1.39963e-07,6.08518,1.21998e-06,-1.47687e-09,-1.6166e-13,
1.733e+08,163.612,-3.50815e-07,6.21211,3.8383e-07,2.16886e-09,2.28521e-13,
1.7364e+08,163.207,-1.19541e-06,6.5858,1.10162e-06,-3.93087e-09,-6.88754e-16,
1.7397e+08,163.637,1.30407e-06,7.22513,1.93777e-06,2.1896e-09,-1.16505e-13,
1.743e+08,164.616,2.95943e-06,9.93384,8.19038e-06,-2.45366e-09,4.72006e-15,
1.74639e+08,164.688,2.11395e-07,10.5831,1.91438e-06,-1.44396e-08,-1.10462e-13,
1.74969e+08,164.827,4.23895e-07,10.981,1.20579e-06,-1.91379e-08,2.01789e-13,
1.753e+08,164.707,-3.64378e-07,11.2994,9.63166e-07,-1.37593e-08,-7.57581e-14,
1.75639e+08,165.075,1.0852e-06,11.3233,7.03621e-08,-1.76757e-08,5.43636e-14,
1.75969e+08,165.122,1.43571e-07,11.8699,1.65639e-06,-1.28728e-08,3.11897e-14,
1.763e+08,165.488,1.10436e-06,12.1052,7.11559e-07,-2.60282e-08,-3.70205e-13,
1.76639e+08,165.753,7.81713e-07,11.9439,-4.75271e-07,-3.52192e-08,4.1717e-13,
1.76969e+08,175.807,3.04704e-05,24.502,3.80599e-05,-3.8517e-07,-7.15666e-15,
1.773e+08,174.314,-4.5137e-06,27.0383,7.66828e-06,-4.0405e-09,1.06807e-14,
1.77639e+08,174.036,-8.1764e-07,27.2808,7.15209e-07,-1.8912e-09,-1.41458e-14,
1.77969e+08,173.955,-2.48384e-07,27.3699,2.70049e-07,-4.05175e-09,-3.88475e-14,
1.783e+08,173.632,-9.76547e-07,27.674,9.19678e-07,-1.19417e-08,1.94906e-14,
1.78639e+08,173.586,-1.34975e-07,27.1103,-1.66164e-06,-7.10162e-09,-4.64304e-13,
1.78969e+08,173.001,-1.77272e-06,26.535,-1.74374e-06,-2.14603e-08,5.0267e-13,
1.79299e+08,172.969,-9.59645e-08,26.6222,2.63794e-07,-1.14943e-08,-1.43174e-14,
1.79639e+08,172.784,-5.45189e-07,27.1945,1.68726e-06,-1.56889e-08,-5.4935e-15,
1.79969e+08,173.511,2.20299e-06,27.236,1.25604e-07,-1.06919e-08,-2.31351e-13,
1.80299e+08,173.743,7.00691e-07,27.2969,1.84195e-07,-6.13316e-09,2.29968e-13,
1.80638e+08,173.837,2.78063e-07,27.5823,8.41449e-07,-7.93763e-09,-1.54927e-14,
1.80968e+08,173.899,1.85944e-07,27.3522,-6.97389e-07,-5.33167e-09,-3.12393e-13,
1.81299e+08,173.877,-6.52737e-08,27.7473,1.19484e-06,-1.10058e-08,6.31658e-13,
1.81638e+08,174.012,3.96577e-07,27.72,-8.06454e-08,-1.17147e-08,-7.81707e-13,
1.81968e+08,174.015,1.1055e-08,27.4978,-6.73364e-07,-5.3303e-09,4.16823e-13,
1.82299e+08,174.017,5.45244e-09,26.4189,-3.26252e-06,-9.75682e-09,1.55569e-13,
1.82638e+08,173.877,-4.14008e-07,25.7472,-1.97993e-06,-9.63827e-09,-9.64348e-14,
1.82968e+08,170.888,-9.05695e-06,28.9782,9.79239e-06,-8.98937e-08,-2.18217e-13,
1.83299e+08,171.062,5.24363e-07,28.77,-6.29593e-07,-1.52779e-08,8.94745e-14,
1.83638e+08,170.829,-6.84487e-07,28.8112,1.21545e-07,-1.69989e-08,1.171e-13,
1.83968e+08,170.718,-3.37705e-07,28.6854,-3.81413e-07,-7.76653e-09,-8.34132e-14,
1.84299e+08,170.542,-5.32537e-07,29.5646,2.65884e-06,-1.30494e-08,7.76568e-14,
1.84638e+08,170.569,8.04398e-08,29.3031,-7.71146e-07,-3.80591e-09,6.25474e-16,
1.84968e+08,170.484,-2.58656e-07,29.5108,6.29336e-07,-1.25909e-08,1.13764e-14,
1.85298e+08,170.331,-4.62149e-07,29.8309,9.68147e-07,-1.40366e-08,1.02567e-14,
1.85638e+08,170.389,1.6981e-07,29.0855,-2.1973e-06,-3.97975e-09,-5.11014e-15,
1.85968e+08,170.398,2.93914e-08,29.7529,2.02225e-06,-7.37278e-09,-7.99779e-15,
1.86298e+08,170.453,1.65782e-07,29.8147,1.87094e-07,-2.89011e-09,6.01129e-15,
1.86637e+08,170.513,1.7782e-07,29.8408,7.68775e-08,-2.64619e-09,-4.69431e-16,
1.86967e+08,170.42,-2.83573e-07,30.122,8.52239e-07,-2.68155e-09,1.99091e-15,
1.87298e+08,170.39,-8.99386e-08,30.1017,-6.14739e-08,-5.81616e-10,-5.03116e-15,
1.87637e+08,170.352,-1.11656e-07,28.8641,-3.6479e-06,4.23942e-10,-1.75087e-17,
1.87967e+08,170.297,-1.66608e-07,28.3311,-1.61535e-06,-1.36387e-09,-2.86031e-14,
1.88298e+08,170.312,4.44463e-08,30.5293,6.64685e-06,3.39744e-10,2.67113e-14,
1.88637e+08,170.211,-2.9876e-07,30.5275,-5.14514e-09,3.94433e-10,5.01167e-15,
1.88967e+08,170.252,1.26049e-07,30.5732,1.38049e-07,5.89859e-10,-9.57117e-15,
1.89298e+08,170.244,-2.66423e-08,30.6014,8.55118e-08,8.28905e-10,1.11999e-14,
1.89637e+08,170.299,1.62681e-07,29.6454,-2.81869e-06,6.58687e-10,-2.44157e-14,
1.89967e+08,170.396,2.93933e-07,30.3834,2.23691e-06,4.26626e-09,9.33804e-14,
1.90637e+08,170.394,-2.67136e-09,29.7941,-8.79771e-07,6.1203e-10,-4.77686e-13,
1.90967e+08,170.436,1.26927e-07,29.714,-2.4277e-07,1.96746e-09,3.03954e-13,
1.91297e+08,170.428,-2.38334e-08,30.4365,2.18469e-06,2.72094e-09,4.64953e-15,
1.91636e+08,170.477,1.45677e-07,29.6862,-2.21205e-06,7.3874e-09,1.84323e-15,
1.91966e+08,170.296,-5.48169e-07,29.8318,4.41198e-07,1.86232e-08,4.25513e-15,
1.92297e+08,170.351,1.66124e-07,29.7911,-1.22817e-07,1.16378e-08,4.11241e-14,
1.92966e+08,171.098,7.51643e-07,28.602,-1.42667e-06,2.00663e-08,2.21474e-14,
1.93297e+08,171.086,-3.54838e-08,30.184,4.78399e-06,9.33892e-09,-1.47454e-14,
1.93636e+08,171.075,-3.41087e-08,30.3986,6.32621e-07,9.37962e-09,1.8843e-16,
1.93966e+08,171.093,5.47389e-08,30.6839,8.64891e-07,1.12544e-08,4.66341e-14,
1.94297e+08,171.166,2.23216e-07,31.0891,1.22513e-06,4.23379e-09,-5.16959e-14,
1.94636e+08,171.168,5.51149e-09,31.0734,-4.6194e-08,3.59603e-09,2.13237e-13,
1.94966e+08,171.169,2.36218e-09,31.1492,2.30012e-07,7.63952e-09,-1.71802e-13,
1.95297e+08,171.107,-1.86975e-07,31.3431,5.86249e-07,5.75842e-09,-2.63797e-14,
1.95636e+08,171.262,4.55853e-07,31.3576,4.29452e-08,1.27201e-08,-1.54642e-15,
1.95966e+08,171.296,1.02637e-07,31.3972,1.19864e-07,4.21401e-09,2.78582e-14,
1.96296e+08,171.259,-1.10003e-07,31.9402,1.64272e-06,5.76741e-09,2.14373e-14,
1.96636e+08,171.241,-5.29648e-08,31.986,1.3499e-07,5.06976e-09,-4.86473e-14,
1.96965e+08,171.251,2.85276e-08,31.9553,-9.32116e-08,7.31901e-09,-4.71455e-15,
1.97296e+08,171.222,-8.74739e-08,32.0104,1.66522e-07,5.18922e-09,-3.79071e-16,
1.97635e+08,172.65,4.21003e-06,32.3714,1.06423e-06,3.71519e-09,1.6996e-14,
1.97965e+08,172.162,-1.48026e-06,32.3674,-1.19262e-08,5.62643e-09,-2.54111e-14,
1.98296e+08,172.755,1.795e-06,32.4613,2.83784e-07,2.88892e-09,4.1666e-15,
1.98635e+08,172.349,-1.19842e-06,32.6489,5.53372e-07,7.83971e-09,4.1666e-15,
1.98965e+08,171.98,-1.11756e-06,32.5194,-3.92646e-07,1.62976e-08,4.1666e-15,
1.99296e+08,172.268,8.6926e-07,32.9562,1.32031e-06,8.77609e-09,-1.48111e-14,
1.99636e+08,170.481,-5.26296e-06,32.9163,-1.17359e-07,1.02572e-08,-1.48111e-14,
1.99966e+08,169.895,-1.77415e-06,33.23,9.50535e-07,3.69953e-09,4.54219e-15,
2.00296e+08,169.5,-1.19791e-06,34.1987,2.93414e-06,4.92195e-09,-3.88333e-14,
2.00635e+08,169.214,-8.41186e-07,33.7324,-1.3726e-06,1.5228e-09,2.06141e-14,
2.00965e+08,169.102,-3.39075e-07,33.8209,2.68613e-07,3.01897e-09,-2.0153e-15,
2.01295e+08,169.002,-3.04559e-07,33.9507,3.92494e-07,9.18164e-09,2.48837e-15,
2.01635e+08,168.919,-2.42106e-07,34.0457,2.79803e-07,5.83372e-09,-3.58181e-15,
2.01965e+08,169.517,1.81152e-06,33.2536,-2.40095e-06,5.38352e-08,2.50788e-14,
2.02296e+08,170.305,2.3815e-06,33.0648,-5.70754e-07,1.0528e-08,-2.42307e-14,
2.02635e+08,170.179,-3.71154e-07,33.1941,3.81162e-07,1.36871e-09,1.81856e-13,
2.02965e+08,169.809,-1.12147e-06,33.1705,-7.14991e-08,9.37414e-09,-2.42381e-13,
2.03295e+08,169.166,-1.9455e-06,33.0511,-3.61298e-07,2.25104e-08,1.70186e-13,
2.03635e+08,168.635,-1.5615e-06,33.0685,5.11753e-08,1.85401e-08,-5.13341e-14,
2.03965e+08,168.388,-7.49739e-07,33.1343,1.99431e-07,1.09627e-08,-4.58513e-14,
2.04296e+08,169.338,2.87613e-06,33.6276,1.49282e-06,6.44971e-09,1.31281e-14,
2.04634e+08,169.475,4.02775e-07,33.7218,2.7809e-07,5.5845e-09,-3.90401e-15,
2.04964e+08,171.181,5.17284e-06,33.8946,5.23902e-07,1.29821e-08,1.29918e-13,
2.05296e+08,171.198,4.90479e-08,34.245,1.05714e-06,6.6992e-09,-1.61039e-13,
2.05634e+08,171.273,2.22095e-07,34.3518,3.15425e-07,1.18255e-09,5.76548e-14,
2.05964e+08,170.357,-2.77513e-06,34.2698,-2.4844e-07,1.32866e-08,-2.74549e-14,
2.06295e+08,170.12,-7.16252e-07,34.3046,1.05434e-07,1.63566e-09,3.124e-14,
2.06634e+08,169.818,-8.91979e-07,34.4884,5.41893e-07,3.15298e-09,-4.69391e-14,
2.06964e+08,169.676,-4.29111e-07,34.5142,7.807e-08,1.3078e-09,-3.28799e-14,
2.07295e+08,169.612,-1.92757e-07,34.4472,-2.02453e-07,2.70322e-09,3.24962e-13,
2.07634e+08,168.814,-2.35466e-06,34.5907,4.22997e-07,1.89172e-09,-2.9063e-13,
2.07964e+08,168.438,-1.13795e-06,34.61,5.85739e-08,7.26931e-09,-1.12994e-14,
2.08294e+08,168.259,-5.42748e-07,34.6215,3.48978e-08,2.07333e-09,-4.57939e-14,
2.08634e+08,168.597,9.96528e-07,34.6071,-4.26629e-08,6.25045e-10,1.75331e-14,
2.08963e+08,170.299,5.15905e-06,34.4774,-3.92906e-07,3.38214e-09,7.6371e-14,
2.09294e+08,170.261,-1.16102e-07,34.5894,3.38781e-07,6.03643e-09,-2.08527e-14,
2.09633e+08,169.908,-1.04072e-06,34.6185,8.56429e-08,1.60501e-09,-4.74456e-15,
2.09963e+08,169.941,1.01782e-07,34.8652,7.47869e-07,2.15654e-09,-1.03469e-14,
2.10294e+08,169.651,-8.78695e-07,35.0112,4.41599e-07,2.73345e-09,-7.24238e-15,
2.10634e+08,169.526,-3.67209e-07,35.38,1.08492e-06,1.39048e-09,1.89966e-14,
2.10963e+08,169.091,-1.31907e-06,35.3262,-1.63493e-07,8.28004e-09,-8.78161e-15,
2.11294e+08,168.915,-5.34291e-07,35.494,5.07578e-07,6.41143e-10,-3.86607e-15,
2.11633e+08,168.724,-5.6286e-07,35.5203,7.75442e-08,6.14569e-09,2.17921e-14,
2.11963e+08,168.464,-7.87034e-07,35.523,8.02314e-09,2.17422e-09,-2.05463e-14,
2.12294e+08,168.459,-1.54066e-08,35.4304,-2.79993e-07,-9.45146e-10,2.81212e-14,
2.12633e+08,166.826,-4.81392e-06,35.5333,3.03382e-07,-2.70102e-10,-1.65191e-14,
2.12963e+08,166.484,-1.03682e-06,35.8451,9.452e-07,2.91242e-09,2.13813e-13,
2.13293e+08,167.234,2.26567e-06,36.2087,1.09915e-06,-9.5104e-10,-2.08099e-13,
2.13633e+08,166.804,-1.26485e-06,36.4549,7.24529e-07,1.0007e-09,4.7912e-15,
2.13963e+08,168.352,4.70147e-06,36.4018,-1.61466e-07,-1.61187e-08,1.08707e-13,
2.14293e+08,168.72,1.115e-06,36.8498,1.35482e-06,-1.14741e-08,-8.47086e-14,
2.14632e+08,165.801,-8.60616e-06,34.8348,-5.94119e-06,-1.72842e-07,-2.49923e-14,
2.14962e+08,167.455,5.01136e-06,33.2622,-4.7661e-06,2.7933e-07,-6.0215e-15,
2.15293e+08,169.173,5.19442e-06,35.2327,5.95893e-06,-1.58099e-07,3.71936e-14,
2.15632e+08,169.558,1.13505e-06,34.4902,-2.1887e-06,5.84758e-09,-5.34825e-15,
2.15962e+08,169.344,-6.47174e-07,36.5381,6.20651e-06,7.46846e-09,-3.86451e-16,
2.16293e+08,169.406,1.86076e-07,36.8433,9.23038e-07,2.06772e-09,-3.76137e-15,
2.16632e+08,169.959,1.63152e-06,33.55,-9.71029e-06,2.67187e-09,8.45635e-15,
2.16962e+08,169.61,-1.05888e-06,33.5183,-9.60853e-08,7.37663e-09,1.35637e-13,
2.17293e+08,169.289,-9.69761e-07,33.4682,-1.51414e-07,2.34194e-08,-1.67512e-13,
2.17632e+08,170.019,2.15187e-06,30.9409,-7.45158e-06,7.88096e-08,-1.4339e-14,
2.17962e+08,164.23,-1.75428e-05,17.9175,-3.94674e-05,-1.09523e-08,2.32106e-13,
2.18293e+08,149.428,-4.47701e-05,13.8869,-1.21907e-05,5.77508e-07,-2.3695e-13,
2.18632e+08,149.589,4.73789e-07,13.2658,-1.83079e-06,-1.31108e-09,3.23435e-13,
2.18962e+08,152.599,9.12435e-06,13.053,-6.45048e-07,-1.84886e-09,-3.045e-13,
2.19292e+08,152.319,-8.47924e-07,12.3772,-2.04325e-06,-4.19414e-09,2.01154e-14,
2.19632e+08,153.288,2.85822e-06,11.8988,-1.41081e-06,-2.34644e-08,-1.63739e-14,
2.19962e+08,151.488,-5.45453e-06,12.5647,2.0181e-06,-4.52514e-10,2.1392e-14,
2.20292e+08,153.405,5.79451e-06,10.9186,-4.97797e-06,-1.40089e-08,8.4328e-15,
2.20631e+08,160.654,2.13724e-05,23.352,3.66554e-05,-3.58098e-07,-4.87525e-16,
2.20961e+08,160.669,4.47147e-08,22.3177,-3.13468e-06,-5.58216e-10,-1.61322e-14,
2.21292e+08,160.858,5.73102e-07,21.7369,-1.75656e-06,4.53221e-09,3.70705e-14,
2.21631e+08,160.837,-6.2056e-08,24.1895,7.23e-06,9.72696e-09,1.82905e-14,
2.21961e+08,160.721,-3.52728e-07,28.3438,1.25904e-05,1.37269e-08,-3.34989e-14,
2.22292e+08,160.348,-1.12754e-06,31.286,8.89801e-06,1.55648e-08,9.96724e-14,
2.22961e+08,161.303,1.42721e-06,34.4475,4.72468e-06,9.67727e-09,-2.46915e-13,
2.23292e+08,159.633,-5.05006e-06,38.7127,1.28959e-05,2.03281e-08,1.92267e-14,
2.23631e+08,159.206,-1.25745e-06,27.7501,-3.23226e-05,5.56613e-08,-3.75822e-14,
2.23961e+08,157.093,-6.40507e-06,54.6871,8.16333e-05,-4.19937e-08,6.49856e-14,
2.24292e+08,158.773,5.08092e-06,41.7319,-3.91777e-05,2.55092e-08,-4.50668e-14,
2.24631e+08,157.473,-3.83243e-06,41.9843,7.4444e-07,1.56259e-08,9.80119e-14,
2.24961e+08,156.748,-2.19831e-06,42.289,9.23462e-07,1.24126e-08,-5.94449e-14,
2.25291e+08,154.017,-8.25604e-06,45.45,9.55729e-06,1.43149e-08,-1.03386e-14,
2.25631e+08,153.279,-2.17747e-06,46.731,3.77696e-06,9.07781e-09,6.33521e-14,
2.2596e+08,152.961,-9.63574e-07,46.6134,-3.56341e-07,6.78384e-09,-5.88502e-14,
2.26291e+08,149.763,-9.66932e-06,48.579,5.94415e-06,1.29035e-08,2.77217e-14,
2.2663e+08,147.868,-5.5879e-06,50.3547,5.2345e-06,6.62101e-09,-2.03453e-14,
2.2696e+08,146.678,-3.60551e-06,51.0568,2.12814e-06,7.57697e-09,-5.3851e-16,
2.27291e+08,144.17,-7.58604e-06,51.3414,8.60641e-07,8.03461e-09,-2.74964e-15,
2.2763e+08,140.042,-1.21684e-05,51.7711,1.26684e-06,6.16543e-09,2.21655e-14,
2.2796e+08,137.881,-6.54991e-06,53.4367,5.04817e-06,4.90292e-09,-2.87112e-14,
2.28291e+08,133.88,-1.2099e-05,53.0954,-1.03209e-06,5.64807e-09,8.29138e-14,
2.2863e+08,128.544,-1.57299e-05,53.4939,1.17478e-06,6.08052e-09,-9.0119e-14,
2.2896e+08,123.616,-1.49374e-05,52.9259,-1.72161e-06,7.57037e-09,-1.55082e-14,
2.29291e+08,119.405,-1.27333e-05,50.6311,-6.93924e-06,5.55865e-09,-2.54623e-14,
2.2963e+08,112.85,-1.93251e-05,49.015,-4.76452e-06,2.61045e-09,6.68148e-15,
2.2996e+08,106.364,-1.96569e-05,49.1006,2.59278e-07,4.09468e-09,2.53567e-15,
2.3029e+08,99.4911,-2.07844e-05,49.9528,2.57736e-06,1.80195e-09,-8.16701e-15,
2.3063e+08,93.4555,-1.77938e-05,53.5404,1.05766e-05,2.93954e-09,4.05639e-14,
2.3096e+08,89.2804,-1.2655e-05,53.2996,-7.29855e-07,1.8189e-09,-2.71033e-14,
2.3129e+08,83.4729,-1.75583e-05,54.2859,2.98205e-06,2.41553e-09,-1.75915e-14,
2.31629e+08,78.7097,-1.40449e-05,58.4186,1.21856e-05,1.11804e-09,-1.28303e-14,
2.31959e+08,74.25,-1.35177e-05,60.3678,5.90849e-06,-9.13075e-10,2.20283e-14,
2.3229e+08,71.1104,-9.49323e-06,62.0893,5.20525e-06,-8.91054e-10,1.39478e-15,
2.32629e+08,68.0466,-9.03355e-06,64.9408,8.40739e-06,-5.87082e-10,-2.08475e-14,
2.32959e+08,63.1023,-1.49823e-05,69.0434,1.24319e-05,-1.26128e-09,4.96311e-16,
2.3329e+08,59.7234,-1.02167e-05,76.2999,2.19417e-05,-2.75022e-09,5.95875e-15,
2.33629e+08,58.0411,-4.96111e-06,79.5646,9.62732e-06,-1.90646e-09,-1.86154e-15,
2.33959e+08,55.4744,-7.77654e-06,85.6207,1.83486e-05,-2.03287e-09,1.87497e-14,
2.3429e+08,53.8704,-4.85083e-06,86.3407,2.17747e-06,-3.71703e-09,-2.31054e-14,
2.34629e+08,52.5953,-3.75872e-06,89.4514,9.16968e-06,-2.80559e-09,2.38387e-14,
2.34959e+08,51.511,-3.28213e-06,90.4118,2.90736e-06,-3.11486e-09,-5.8958e-15,
2.3529e+08,49.6956,-5.4984e-06,91.9034,4.51733e-06,-1.86228e-09,-3.52618e-15,
2.35629e+08,49.2532,-1.30411e-06,92.3105,1.20011e-06,-1.46446e-09,2.27754e-15,
2.35959e+08,48.9088,-1.04402e-06,92.3194,2.6974e-08,-3.37181e-09,6.03966e-15,
2.36289e+08,48.4069,-1.51736e-06,93.1365,2.47078e-06,-2.2959e-09,1.8005e-15,
2.36629e+08,48.3793,-8.15228e-08,93.3047,4.95903e-07,-1.0345e-09,-7.36597e-15,
2.37289e+08,47.3628,-4.12858e-07,97.0939,5.49249e-06,-5.86583e-10,-1.43661e-15,
2.37958e+08,46.9972,-6.41363e-08,98.215,1.12238e-06,-7.4679e-10,-1.86158e-15,
2.38289e+08,47.0233,7.87019e-08,98.0751,-4.22862e-07,-6.53513e-10,3.11344e-15,
2.38628e+08,47.0965,2.15824e-07,98.2909,6.36233e-07,-3.2076e-10,-5.12048e-15,
2.38959e+08,47.6471,1.66621e-06,97.2174,-3.24864e-06,-2.10911e-09,-2.2211e-15,
2.39289e+08,47.7439,2.93432e-07,98.647,4.33068e-06,-8.34416e-10,-5.30868e-15,
2.39628e+08,47.9586,6.32971e-07,99.6307,2.89989e-06,-7.33999e-10,9.49186e-15,
2.39958e+08,48.1054,4.44507e-07,99.3005,-9.99996e-07,8.65538e-11,8.82753e-15,
2.40289e+08,48.1544,1.48177e-07,100.703,4.24341e-06,5.54754e-11,-9.94567e-15,
2.40628e+08,48.5399,1.13665e-06,100.75,1.38973e-07,2.57852e-10,-3.33521e-14,
2.40958e+08,48.709,5.12586e-07,100.573,-5.37284e-07,-5.63503e-10,3.31234e-14,
2.41289e+08,48.7615,1.58649e-07,100.195,-1.1419e-06,1.30653e-11,2.99974e-15,
2.41628e+08,49.0603,8.80974e-07,100.262,1.96687e-07,-1.25406e-11,7.80866e-16,
2.41958e+08,49.341,8.50893e-07,100.107,-4.68856e-07,-6.31894e-10,-9.6678e-16,
2.42288e+08,49.5575,6.54607e-07,100.084,-6.92593e-08,-1.84944e-10,1.66243e-15,
2.42628e+08,49.8065,7.34218e-07,100.173,2.60785e-07,3.50227e-10,3.27972e-15,
2.42957e+08,50.3336,1.59749e-06,100.335,4.91146e-07,-8.19795e-10,-5.23069e-15,
2.43627e+08,50.9701,6.58813e-07,99.5301,-2.90339e-06,2.27979e-10,2.93127e-16,
2.43957e+08,51.4529,1.46314e-06,98.2854,-3.77268e-06,1.04738e-10,1.35339e-15,
2.44288e+08,51.3127,-4.23743e-07,99.1017,2.46793e-06,-5.956e-10,9.22839e-16,
2.44627e+08,51.4541,4.16886e-07,99.2184,3.44065e-07,-2.85293e-10,7.09562e-16,
2.44957e+08,51.4933,1.18903e-07,98.056,-3.52282e-06,-1.40918e-09,1.20842e-15,
2.45288e+08,51.3345,-4.80345e-07,98.5692,1.55205e-06,-1.82814e-10,-3.61684e-15,
2.45628e+08,51.0656,-7.91011e-07,97.9331,-1.8713e-06,-2.14841e-09,-7.07073e-15,
2.45957e+08,51.2527,5.68199e-07,97.6487,-8.6401e-07,-1.73838e-09,1.15844e-14,
2.46288e+08,50.4943,-2.29301e-06,99.3091,5.0206e-06,-8.56141e-10,-4.35882e-15,
